{"credit":"Made with Blockbench","textures":{"2":"block/decor/bar-shelf"},"elements":[{"from":[1.75,0.25,14],"to":[2,7.25,15.25],"faces":{"north":{"uv":[2,4.75,1.75,11.75],"texture":"#2"},"east":{"uv":[1.75,4.75,2,11.75],"texture":"#2"},"south":{"uv":[1.75,4.75,2,11.75],"texture":"#2"},"west":{"uv":[1.75,4.75,2,11.75],"texture":"#2"},"up":{"uv":[1.75,4.75,2,5],"texture":"#2"},"down":{"uv":[1.75,11.5,2,11.75],"texture":"#2"}}},{"from":[14,0.25,14],"to":[14.25,7.25,15.25],"faces":{"north":{"uv":[14.25,4.75,14,11.75],"texture":"#2"},"east":{"uv":[14,4.75,14.25,11.75],"texture":"#2"},"south":{"uv":[14,4.75,14.25,11.75],"texture":"#2"},"west":{"uv":[14,4.75,14.25,11.75],"texture":"#2"},"up":{"uv":[14,4.75,14.25,5],"texture":"#2"},"down":{"uv":[14,11.5,14.25,11.75],"texture":"#2"}}},{"from":[10,0.25,14],"to":[10.25,6.75,15.25],"faces":{"north":{"uv":[10.25,5.25,10,11.75],"texture":"#2"},"east":{"uv":[10,5.25,10.25,11.75],"texture":"#2"},"south":{"uv":[10,5.25,10.25,11.75],"texture":"#2"},"west":{"uv":[10,5.25,10.25,11.75],"texture":"#2"},"up":{"uv":[10,5.25,10.25,5.5],"texture":"#2"},"down":{"uv":[10,11.5,10.25,11.75],"texture":"#2"}}},{"from":[4,0.25,14],"to":[4.25,6.5,15.25],"faces":{"north":{"uv":[4.25,5.5,4,11.75],"texture":"#2"},"east":{"uv":[4,5.5,4.25,11.75],"texture":"#2"},"south":{"uv":[4,5.5,4.25,11.75],"texture":"#2"},"west":{"uv":[4,5.5,4.25,11.75],"texture":"#2"},"up":{"uv":[4,5.5,4.25,5.75],"texture":"#2"},"down":{"uv":[4,11.5,4.25,11.75],"texture":"#2"}}},{"from":[12,0.25,14],"to":[12.25,6.5,15.25],"faces":{"north":{"uv":[12.25,5.5,12,11.75],"texture":"#2"},"east":{"uv":[12,5.5,12.25,11.75],"texture":"#2"},"south":{"uv":[12,5.5,12.25,11.75],"texture":"#2"},"west":{"uv":[12,5.5,12.25,11.75],"texture":"#2"},"up":{"uv":[12,5.5,12.25,5.75],"texture":"#2"},"down":{"uv":[12,11.5,12.25,11.75],"texture":"#2"}}},{"from":[5.75,0.25,14],"to":[6.25,6.25,15.25],"faces":{"north":{"uv":[6.25,5.75,5.75,11.75],"texture":"#2"},"east":{"uv":[6,5.75,6.25,11.75],"texture":"#2"},"south":{"uv":[5.75,5.75,6.25,11.75],"texture":"#2"},"west":{"uv":[5.75,5.75,6,11.75],"texture":"#2"},"up":{"uv":[5.75,5.75,6.25,6],"texture":"#2"},"down":{"uv":[5.75,11.5,6.25,11.75],"texture":"#2"}}},{"from":[1.5,0.25,14],"to":[1.75,5.25,15.25],"faces":{"north":{"uv":[1.75,6.75,1.5,11.75],"texture":"#2"},"east":{"uv":[1.5,6.75,1.75,11.75],"texture":"#2"},"south":{"uv":[1.5,6.75,1.75,11.75],"texture":"#2"},"west":{"uv":[1.5,6.75,1.75,11.75],"texture":"#2"},"up":{"uv":[1.5,6.75,1.75,7],"texture":"#2"},"down":{"uv":[1.5,11.5,1.75,11.75],"texture":"#2"}}},{"from":[2,0.25,14],"to":[2.25,5.25,15.25],"faces":{"north":{"uv":[2.25,6.75,2,11.75],"texture":"#2"},"east":{"uv":[2,6.75,2.25,11.75],"texture":"#2"},"south":{"uv":[2,6.75,2.25,11.75],"texture":"#2"},"west":{"uv":[2,6.75,2.25,11.75],"texture":"#2"},"up":{"uv":[2,6.75,2.25,7],"texture":"#2"},"down":{"uv":[2,11.5,2.25,11.75],"texture":"#2"}}},{"from":[3.75,0.25,14],"to":[4,5.25,15.25],"faces":{"north":{"uv":[4,6.75,3.75,11.75],"texture":"#2"},"east":{"uv":[3.75,6.75,4,11.75],"texture":"#2"},"south":{"uv":[3.75,6.75,4,11.75],"texture":"#2"},"west":{"uv":[3.75,6.75,4,11.75],"texture":"#2"},"up":{"uv":[3.75,6.75,4,7],"texture":"#2"},"down":{"uv":[3.75,11.5,4,11.75],"texture":"#2"}}},{"from":[5.5,0.25,14],"to":[5.75,5.25,15.25],"faces":{"north":{"uv":[5.75,6.75,5.5,11.75],"texture":"#2"},"east":{"uv":[5.5,6.75,5.75,11.75],"texture":"#2"},"south":{"uv":[5.5,6.75,5.75,11.75],"texture":"#2"},"west":{"uv":[5.5,6.75,5.75,11.75],"texture":"#2"},"up":{"uv":[5.5,6.75,5.75,7],"texture":"#2"},"down":{"uv":[5.5,11.5,5.75,11.75],"texture":"#2"}}},{"from":[6.25,0.25,14],"to":[6.5,5.25,15.25],"faces":{"north":{"uv":[6.5,6.75,6.25,11.75],"texture":"#2"},"east":{"uv":[6.25,6.75,6.5,11.75],"texture":"#2"},"south":{"uv":[6.25,6.75,6.5,11.75],"texture":"#2"},"west":{"uv":[6.25,6.75,6.5,11.75],"texture":"#2"},"up":{"uv":[6.25,6.75,6.5,7],"texture":"#2"},"down":{"uv":[6.25,11.5,6.5,11.75],"texture":"#2"}}},{"from":[7.75,0.25,14],"to":[8.25,5.25,15.25],"faces":{"north":{"uv":[8.25,6.75,7.75,11.75],"texture":"#2"},"east":{"uv":[8,6.75,8.25,11.75],"texture":"#2"},"south":{"uv":[7.75,6.75,8.25,11.75],"texture":"#2"},"west":{"uv":[7.75,6.75,8,11.75],"texture":"#2"},"up":{"uv":[7.75,6.75,8.25,7],"texture":"#2"},"down":{"uv":[7.75,11.5,8.25,11.75],"texture":"#2"}}},{"from":[13.75,0.25,14],"to":[14,5.25,15.25],"faces":{"north":{"uv":[14,6.75,13.75,11.75],"texture":"#2"},"east":{"uv":[13.75,6.75,14,11.75],"texture":"#2"},"south":{"uv":[13.75,6.75,14,11.75],"texture":"#2"},"west":{"uv":[13.75,6.75,14,11.75],"texture":"#2"},"up":{"uv":[13.75,6.75,14,7],"texture":"#2"},"down":{"uv":[13.75,11.5,14,11.75],"texture":"#2"}}},{"from":[14.25,0.25,14],"to":[14.5,5.25,15.25],"faces":{"north":{"uv":[14.5,6.75,14.25,11.75],"texture":"#2"},"east":{"uv":[14.25,6.75,14.5,11.75],"texture":"#2"},"south":{"uv":[14.25,6.75,14.5,11.75],"texture":"#2"},"west":{"uv":[14.25,6.75,14.5,11.75],"texture":"#2"},"up":{"uv":[14.25,6.75,14.5,7],"texture":"#2"},"down":{"uv":[14.25,11.5,14.5,11.75],"texture":"#2"}}},{"from":[1.25,1.5,14],"to":[1.5,5,15.25],"faces":{"north":{"uv":[1.5,7,1.25,10.5],"texture":"#2"},"east":{"uv":[1.25,7,1.5,10.5],"texture":"#2"},"south":{"uv":[1.25,7,1.5,10.5],"texture":"#2"},"west":{"uv":[1.25,7,1.5,10.5],"texture":"#2"},"up":{"uv":[1.25,7,1.5,7.25],"texture":"#2"},"down":{"uv":[1.25,10.25,1.5,10.5],"texture":"#2"}}},{"from":[2.25,0.25,14],"to":[2.5,5,15.25],"faces":{"north":{"uv":[2.5,7,2.25,11.75],"texture":"#2"},"east":{"uv":[2.25,7,2.5,11.75],"texture":"#2"},"south":{"uv":[2.25,7,2.5,11.75],"texture":"#2"},"west":{"uv":[2.25,7,2.5,11.75],"texture":"#2"},"up":{"uv":[2.25,7,2.5,7.25],"texture":"#2"},"down":{"uv":[2.25,11.5,2.5,11.75],"texture":"#2"}}},{"from":[3.5,0.25,14],"to":[3.75,5,15.25],"faces":{"north":{"uv":[3.75,7,3.5,11.75],"texture":"#2"},"east":{"uv":[3.5,7,3.75,11.75],"texture":"#2"},"south":{"uv":[3.5,7,3.75,11.75],"texture":"#2"},"west":{"uv":[3.5,7,3.75,11.75],"texture":"#2"},"up":{"uv":[3.5,7,3.75,7.25],"texture":"#2"},"down":{"uv":[3.5,11.5,3.75,11.75],"texture":"#2"}}},{"from":[4.25,0.25,14],"to":[4.5,5,15.25],"faces":{"north":{"uv":[4.5,7,4.25,11.75],"texture":"#2"},"east":{"uv":[4.25,7,4.5,11.75],"texture":"#2"},"south":{"uv":[4.25,7,4.5,11.75],"texture":"#2"},"west":{"uv":[4.25,7,4.5,11.75],"texture":"#2"},"up":{"uv":[4.25,7,4.5,7.25],"texture":"#2"},"down":{"uv":[4.25,11.5,4.5,11.75],"texture":"#2"}}},{"from":[9.75,0.25,14],"to":[10,5,15.25],"faces":{"north":{"uv":[10,7,9.75,11.75],"texture":"#2"},"east":{"uv":[9.75,7,10,11.75],"texture":"#2"},"south":{"uv":[9.75,7,10,11.75],"texture":"#2"},"west":{"uv":[9.75,7,10,11.75],"texture":"#2"},"up":{"uv":[9.75,7,10,7.25],"texture":"#2"},"down":{"uv":[9.75,11.5,10,11.75],"texture":"#2"}}},{"from":[10.25,0.25,14],"to":[10.5,5,15.25],"faces":{"north":{"uv":[10.5,7,10.25,11.75],"texture":"#2"},"east":{"uv":[10.25,7,10.5,11.75],"texture":"#2"},"south":{"uv":[10.25,7,10.5,11.75],"texture":"#2"},"west":{"uv":[10.25,7,10.5,11.75],"texture":"#2"},"up":{"uv":[10.25,7,10.5,7.25],"texture":"#2"},"down":{"uv":[10.25,11.5,10.5,11.75],"texture":"#2"}}},{"from":[11.75,0.25,14],"to":[12,5,15.25],"faces":{"north":{"uv":[12,7,11.75,11.75],"texture":"#2"},"east":{"uv":[11.75,7,12,11.75],"texture":"#2"},"south":{"uv":[11.75,7,12,11.75],"texture":"#2"},"west":{"uv":[11.75,7,12,11.75],"texture":"#2"},"up":{"uv":[11.75,7,12,7.25],"texture":"#2"},"down":{"uv":[11.75,11.5,12,11.75],"texture":"#2"}}},{"from":[12.25,0.25,14],"to":[12.5,5,15.25],"faces":{"north":{"uv":[12.5,7,12.25,11.75],"texture":"#2"},"east":{"uv":[12.25,7,12.5,11.75],"texture":"#2"},"south":{"uv":[12.25,7,12.5,11.75],"texture":"#2"},"west":{"uv":[12.25,7,12.5,11.75],"texture":"#2"},"up":{"uv":[12.25,7,12.5,7.25],"texture":"#2"},"down":{"uv":[12.25,11.5,12.5,11.75],"texture":"#2"}}},{"from":[13.5,0.25,14],"to":[13.75,5,15.25],"faces":{"north":{"uv":[13.75,7,13.5,11.75],"texture":"#2"},"east":{"uv":[13.5,7,13.75,11.75],"texture":"#2"},"south":{"uv":[13.5,7,13.75,11.75],"texture":"#2"},"west":{"uv":[13.5,7,13.75,11.75],"texture":"#2"},"up":{"uv":[13.5,7,13.75,7.25],"texture":"#2"},"down":{"uv":[13.5,11.5,13.75,11.75],"texture":"#2"}}},{"from":[4.5,0.25,14],"to":[4.75,4.75,15.25],"faces":{"north":{"uv":[4.75,7.25,4.5,11.75],"texture":"#2"},"east":{"uv":[4.5,7.25,4.75,11.75],"texture":"#2"},"south":{"uv":[4.5,7.25,4.75,11.75],"texture":"#2"},"west":{"uv":[4.5,7.25,4.75,11.75],"texture":"#2"},"up":{"uv":[4.5,7.25,4.75,7.5],"texture":"#2"},"down":{"uv":[4.5,11.5,4.75,11.75],"texture":"#2"}}},{"from":[9.5,0.25,14],"to":[9.75,4.75,15.25],"faces":{"north":{"uv":[9.75,7.25,9.5,11.75],"texture":"#2"},"east":{"uv":[9.5,7.25,9.75,11.75],"texture":"#2"},"south":{"uv":[9.5,7.25,9.75,11.75],"texture":"#2"},"west":{"uv":[9.5,7.25,9.75,11.75],"texture":"#2"},"up":{"uv":[9.5,7.25,9.75,7.5],"texture":"#2"},"down":{"uv":[9.5,11.5,9.75,11.75],"texture":"#2"}}},{"from":[10.5,0.25,14],"to":[10.75,4.75,15.25],"faces":{"north":{"uv":[10.75,7.25,10.5,11.75],"texture":"#2"},"east":{"uv":[10.5,7.25,10.75,11.75],"texture":"#2"},"south":{"uv":[10.5,7.25,10.75,11.75],"texture":"#2"},"west":{"uv":[10.5,7.25,10.75,11.75],"texture":"#2"},"up":{"uv":[10.5,7.25,10.75,7.5],"texture":"#2"},"down":{"uv":[10.5,11.5,10.75,11.75],"texture":"#2"}}},{"from":[11.5,0.25,14],"to":[11.75,4.75,15.25],"faces":{"north":{"uv":[11.75,7.25,11.5,11.75],"texture":"#2"},"east":{"uv":[11.5,7.25,11.75,11.75],"texture":"#2"},"south":{"uv":[11.5,7.25,11.75,11.75],"texture":"#2"},"west":{"uv":[11.5,7.25,11.75,11.75],"texture":"#2"},"up":{"uv":[11.5,7.25,11.75,7.5],"texture":"#2"},"down":{"uv":[11.5,11.5,11.75,11.75],"texture":"#2"}}},{"from":[12.5,0.25,14],"to":[12.75,4.75,15.25],"faces":{"north":{"uv":[12.75,7.25,12.5,11.75],"texture":"#2"},"east":{"uv":[12.5,7.25,12.75,11.75],"texture":"#2"},"south":{"uv":[12.5,7.25,12.75,11.75],"texture":"#2"},"west":{"uv":[12.5,7.25,12.75,11.75],"texture":"#2"},"up":{"uv":[12.5,7.25,12.75,7.5],"texture":"#2"},"down":{"uv":[12.5,11.5,12.75,11.75],"texture":"#2"}}},{"from":[14.5,0.25,14],"to":[14.75,4.75,15.25],"faces":{"north":{"uv":[14.75,7.25,14.5,11.75],"texture":"#2"},"east":{"uv":[14.5,7.25,14.75,11.75],"texture":"#2"},"south":{"uv":[14.5,7.25,14.75,11.75],"texture":"#2"},"west":{"uv":[14.5,7.25,14.75,11.75],"texture":"#2"},"up":{"uv":[14.5,7.25,14.75,7.5],"texture":"#2"},"down":{"uv":[14.5,11.5,14.75,11.75],"texture":"#2"}}},{"from":[7.5,0.25,14],"to":[7.75,4.25,15.25],"faces":{"north":{"uv":[7.75,7.75,7.5,11.75],"texture":"#2"},"east":{"uv":[7.5,7.75,7.75,11.75],"texture":"#2"},"south":{"uv":[7.5,7.75,7.75,11.75],"texture":"#2"},"west":{"uv":[7.5,7.75,7.75,11.75],"texture":"#2"},"up":{"uv":[7.5,7.75,7.75,8],"texture":"#2"},"down":{"uv":[7.5,11.5,7.75,11.75],"texture":"#2"}}},{"from":[8.25,0.25,14],"to":[8.5,4.25,15.25],"faces":{"north":{"uv":[8.5,7.75,8.25,11.75],"texture":"#2"},"east":{"uv":[8.25,7.75,8.5,11.75],"texture":"#2"},"south":{"uv":[8.25,7.75,8.5,11.75],"texture":"#2"},"west":{"uv":[8.25,7.75,8.5,11.75],"texture":"#2"},"up":{"uv":[8.25,7.75,8.5,8],"texture":"#2"},"down":{"uv":[8.25,11.5,8.5,11.75],"texture":"#2"}}},{"from":[7.25,1.5,14],"to":[7.5,3.75,15.25],"faces":{"north":{"uv":[7.5,8.25,7.25,10.5],"texture":"#2"},"east":{"uv":[7.25,8.25,7.5,10.5],"texture":"#2"},"south":{"uv":[7.25,8.25,7.5,10.5],"texture":"#2"},"west":{"uv":[7.25,8.25,7.5,10.5],"texture":"#2"},"up":{"uv":[7.25,8.25,7.5,8.5],"texture":"#2"},"down":{"uv":[7.25,10.25,7.5,10.5],"texture":"#2"}}},{"from":[8.5,1,14],"to":[8.75,3.75,15.25],"faces":{"north":{"uv":[8.75,8.25,8.5,11],"texture":"#2"},"east":{"uv":[8.5,8.25,8.75,11],"texture":"#2"},"south":{"uv":[8.5,8.25,8.75,11],"texture":"#2"},"west":{"uv":[8.5,8.25,8.75,11],"texture":"#2"},"up":{"uv":[8.5,8.25,8.75,8.5],"texture":"#2"},"down":{"uv":[8.5,10.75,8.75,11],"texture":"#2"}}},{"from":[0.75,0.25,14],"to":[1.5,0.75,15.25],"faces":{"north":{"uv":[1.5,11.25,0.75,11.75],"texture":"#2"},"east":{"uv":[1.25,11.25,1.5,11.75],"texture":"#2"},"south":{"uv":[0.75,11.25,1.5,11.75],"texture":"#2"},"west":{"uv":[0.75,11.25,1,11.75],"texture":"#2"},"up":{"uv":[0.75,11.25,1.5,11.5],"texture":"#2"},"down":{"uv":[0.75,11.5,1.5,11.75],"texture":"#2"}}},{"from":[2.5,0.25,14],"to":[3.5,0.75,15.25],"faces":{"north":{"uv":[3.5,11.25,2.5,11.75],"texture":"#2"},"east":{"uv":[3.25,11.25,3.5,11.75],"texture":"#2"},"south":{"uv":[2.5,11.25,3.5,11.75],"texture":"#2"},"west":{"uv":[2.5,11.25,2.75,11.75],"texture":"#2"},"up":{"uv":[2.5,11.25,3.5,11.5],"texture":"#2"},"down":{"uv":[2.5,11.5,3.5,11.75],"texture":"#2"}}},{"from":[4.75,0.25,14],"to":[5.5,0.75,15.25],"faces":{"north":{"uv":[5.5,11.25,4.75,11.75],"texture":"#2"},"east":{"uv":[5.25,11.25,5.5,11.75],"texture":"#2"},"south":{"uv":[4.75,11.25,5.5,11.75],"texture":"#2"},"west":{"uv":[4.75,11.25,5,11.75],"texture":"#2"},"up":{"uv":[4.75,11.25,5.5,11.5],"texture":"#2"},"down":{"uv":[4.75,11.5,5.5,11.75],"texture":"#2"}}},{"from":[6.5,0.25,14],"to":[7.5,0.75,15.25],"faces":{"north":{"uv":[7.5,11.25,6.5,11.75],"texture":"#2"},"east":{"uv":[7.25,11.25,7.5,11.75],"texture":"#2"},"south":{"uv":[6.5,11.25,7.5,11.75],"texture":"#2"},"west":{"uv":[6.5,11.25,6.75,11.75],"texture":"#2"},"up":{"uv":[6.5,11.25,7.5,11.5],"texture":"#2"},"down":{"uv":[6.5,11.5,7.5,11.75],"texture":"#2"}}},{"from":[8.5,0.25,14],"to":[9.5,0.75,15.25],"faces":{"north":{"uv":[9.5,11.25,8.5,11.75],"texture":"#2"},"east":{"uv":[9.25,11.25,9.5,11.75],"texture":"#2"},"south":{"uv":[8.5,11.25,9.5,11.75],"texture":"#2"},"west":{"uv":[8.5,11.25,8.75,11.75],"texture":"#2"},"up":{"uv":[8.5,11.25,9.5,11.5],"texture":"#2"},"down":{"uv":[8.5,11.5,9.5,11.75],"texture":"#2"}}},{"from":[10.75,0.25,14],"to":[11.5,0.75,15.25],"faces":{"north":{"uv":[11.5,11.25,10.75,11.75],"texture":"#2"},"east":{"uv":[11.25,11.25,11.5,11.75],"texture":"#2"},"south":{"uv":[10.75,11.25,11.5,11.75],"texture":"#2"},"west":{"uv":[10.75,11.25,11,11.75],"texture":"#2"},"up":{"uv":[10.75,11.25,11.5,11.5],"texture":"#2"},"down":{"uv":[10.75,11.5,11.5,11.75],"texture":"#2"}}},{"from":[12.75,0.25,14],"to":[13.5,0.75,15.25],"faces":{"north":{"uv":[13.5,11.25,12.75,11.75],"texture":"#2"},"east":{"uv":[13.25,11.25,13.5,11.75],"texture":"#2"},"south":{"uv":[12.75,11.25,13.5,11.75],"texture":"#2"},"west":{"uv":[12.75,11.25,13,11.75],"texture":"#2"},"up":{"uv":[12.75,11.25,13.5,11.5],"texture":"#2"},"down":{"uv":[12.75,11.5,13.5,11.75],"texture":"#2"}}},{"from":[14.75,0.25,14],"to":[15.25,0.75,15.25],"faces":{"north":{"uv":[15.25,11.25,14.75,11.75],"texture":"#2"},"east":{"uv":[15,11.25,15.25,11.75],"texture":"#2"},"south":{"uv":[14.75,11.25,15.25,11.75],"texture":"#2"},"west":{"uv":[14.75,11.25,15,11.75],"texture":"#2"},"up":{"uv":[14.75,11.25,15.25,11.5],"texture":"#2"},"down":{"uv":[14.75,11.5,15.25,11.75],"texture":"#2"}}},{"from":[0.5,0.25,14],"to":[0.75,0.5,15.25],"faces":{"north":{"uv":[0.75,11.5,0.5,11.75],"texture":"#2"},"east":{"uv":[0.5,11.5,0.75,11.75],"texture":"#2"},"south":{"uv":[0.5,11.5,0.75,11.75],"texture":"#2"},"west":{"uv":[0.5,11.5,0.75,11.75],"texture":"#2"},"up":{"uv":[0.5,11.5,0.75,11.75],"texture":"#2"},"down":{"uv":[0.5,11.5,0.75,11.75],"texture":"#2"}}},{"from":[15.25,0.25,14],"to":[15.5,0.5,15.25],"faces":{"north":{"uv":[15.5,11.5,15.25,11.75],"texture":"#2"},"east":{"uv":[15.25,11.5,15.5,11.75],"texture":"#2"},"south":{"uv":[15.25,11.5,15.5,11.75],"texture":"#2"},"west":{"uv":[15.25,11.5,15.5,11.75],"texture":"#2"},"up":{"uv":[15.25,11.5,15.5,11.75],"texture":"#2"},"down":{"uv":[15.25,11.5,15.5,11.75],"texture":"#2"}}}],"display":{"thirdperson_righthand":{"translation":[4.75,6.75,-6.25]},"thirdperson_lefthand":{"translation":[5,5.25,-6.25]},"firstperson_righthand":{"translation":[7.75,0,-11.75]},"firstperson_lefthand":{"translation":[7,0,-12.5]},"ground":{"rotation":[-47,-83,-48],"translation":[3.5,1.25,0],"scale":[0.49,0.56,0.39]},"gui":{"rotation":[0,30,0],"translation":[-3,2,0]},"head":{"translation":[0,13.75,-7.75]},"fixed":{"rotation":[-90,0,0],"translation":[0,-12.25,-14],"scale":[2.05,1.92,1]}},"groups":[{"name":"bar-shelf","origin":[8,8,8],"color":0,"children":[0,1,2,3,4,5,6,7,8,9,10,11,12,13,14,15,16,17,18,19,20,21,22,23,24,25,26,27,28,29,30,31,32,33,34,35,36,37,38,39,40,41,42]}]}