{"credit":"Made with Blockbench","textures":{"0":"block/custom/bottle-whiskey","particle":"block/custom/bottle-whiskey"},"elements":[{"from":[7,14,5],"to":[9,14.75,6.25],"faces":{"north":{"uv":[9,1.25,7,2],"texture":"#0"},"east":{"uv":[8.75,1.25,9,2],"texture":"#0"},"south":{"uv":[7,1.25,9,2],"texture":"#0"},"west":{"uv":[7,1.25,7.25,2],"texture":"#0"},"up":{"uv":[7,1.25,9,1.5],"texture":"#0"},"down":{"uv":[7,1.75,9,2],"texture":"#0"}}},{"from":[6.75,14.25,5],"to":[7,14.5,6.25],"faces":{"north":{"uv":[7,1.5,6.75,1.75],"texture":"#0"},"east":{"uv":[6.75,1.5,7,1.75],"texture":"#0"},"south":{"uv":[6.75,1.5,7,1.75],"texture":"#0"},"west":{"uv":[6.75,1.5,7,1.75],"texture":"#0"},"up":{"uv":[6.75,1.5,7,1.75],"texture":"#0"},"down":{"uv":[6.75,1.5,7,1.75],"texture":"#0"}}},{"from":[9,14.25,5],"to":[9.25,14.5,6.25],"faces":{"north":{"uv":[9.25,1.5,9,1.75],"texture":"#0"},"east":{"uv":[9,1.5,9.25,1.75],"texture":"#0"},"south":{"uv":[9,1.5,9.25,1.75],"texture":"#0"},"west":{"uv":[9,1.5,9.25,1.75],"texture":"#0"},"up":{"uv":[9,1.5,9.25,1.75],"texture":"#0"},"down":{"uv":[9,1.5,9.25,1.75],"texture":"#0"}}},{"from":[7.25,2,5],"to":[8.75,14,6.25],"faces":{"north":{"uv":[8.75,2,7.25,14],"texture":"#0"},"east":{"uv":[8.5,2,8.75,14],"texture":"#0"},"south":{"uv":[7.25,2,8.75,14],"texture":"#0"},"west":{"uv":[7.25,2,7.5,14],"texture":"#0"},"up":{"uv":[7.25,2,8.75,2.25],"texture":"#0"},"down":{"uv":[7.25,13.75,8.75,14],"texture":"#0"}}},{"from":[7,2,5],"to":[7.25,12,6.25],"faces":{"north":{"uv":[7.25,4,7,14],"texture":"#0"},"east":{"uv":[7,4,7.25,14],"texture":"#0"},"south":{"uv":[7,4,7.25,14],"texture":"#0"},"west":{"uv":[7,4,7.25,14],"texture":"#0"},"up":{"uv":[7,4,7.25,4.25],"texture":"#0"},"down":{"uv":[7,13.75,7.25,14],"texture":"#0"}}},{"from":[8.75,2,5],"to":[9,12,6.25],"faces":{"north":{"uv":[9,4,8.75,14],"texture":"#0"},"east":{"uv":[8.75,4,9,14],"texture":"#0"},"south":{"uv":[8.75,4,9,14],"texture":"#0"},"west":{"uv":[8.75,4,9,14],"texture":"#0"},"up":{"uv":[8.75,4,9,4.25],"texture":"#0"},"down":{"uv":[8.75,13.75,9,14],"texture":"#0"}}},{"from":[6.75,2,5],"to":[7,9.75,6.25],"faces":{"north":{"uv":[7,6.25,6.75,14],"texture":"#0"},"east":{"uv":[6.75,6.25,7,14],"texture":"#0"},"south":{"uv":[6.75,6.25,7,14],"texture":"#0"},"west":{"uv":[6.75,6.25,7,14],"texture":"#0"},"up":{"uv":[6.75,6.25,7,6.5],"texture":"#0"},"down":{"uv":[6.75,13.75,7,14],"texture":"#0"}}},{"from":[9,2,5],"to":[9.25,9.75,6.25],"faces":{"north":{"uv":[9.25,6.25,9,14],"texture":"#0"},"east":{"uv":[9,6.25,9.25,14],"texture":"#0"},"south":{"uv":[9,6.25,9.25,14],"texture":"#0"},"west":{"uv":[9,6.25,9.25,14],"texture":"#0"},"up":{"uv":[9,6.25,9.25,6.5],"texture":"#0"},"down":{"uv":[9,13.75,9.25,14],"texture":"#0"}}},{"from":[6.5,2,5],"to":[6.75,9.5,6.25],"faces":{"north":{"uv":[6.75,6.5,6.5,14],"texture":"#0"},"east":{"uv":[6.5,6.5,6.75,14],"texture":"#0"},"south":{"uv":[6.5,6.5,6.75,14],"texture":"#0"},"west":{"uv":[6.5,6.5,6.75,14],"texture":"#0"},"up":{"uv":[6.5,6.5,6.75,6.75],"texture":"#0"},"down":{"uv":[6.5,13.75,6.75,14],"texture":"#0"}}},{"from":[9.25,2,5],"to":[9.5,9.5,6.25],"faces":{"north":{"uv":[9.5,6.5,9.25,14],"texture":"#0"},"east":{"uv":[9.25,6.5,9.5,14],"texture":"#0"},"south":{"uv":[9.25,6.5,9.5,14],"texture":"#0"},"west":{"uv":[9.25,6.5,9.5,14],"texture":"#0"},"up":{"uv":[9.25,6.5,9.5,6.75],"texture":"#0"},"down":{"uv":[9.25,13.75,9.5,14],"texture":"#0"}}},{"from":[6.25,2,5],"to":[6.5,9.25,6.25],"faces":{"north":{"uv":[6.5,6.75,6.25,14],"texture":"#0"},"east":{"uv":[6.25,6.75,6.5,14],"texture":"#0"},"south":{"uv":[6.25,6.75,6.5,14],"texture":"#0"},"west":{"uv":[6.25,6.75,6.5,14],"texture":"#0"},"up":{"uv":[6.25,6.75,6.5,7],"texture":"#0"},"down":{"uv":[6.25,13.75,6.5,14],"texture":"#0"}}},{"from":[9.5,2,5],"to":[9.75,9.25,6.25],"faces":{"north":{"uv":[9.75,6.75,9.5,14],"texture":"#0"},"east":{"uv":[9.5,6.75,9.75,14],"texture":"#0"},"south":{"uv":[9.5,6.75,9.75,14],"texture":"#0"},"west":{"uv":[9.5,6.75,9.75,14],"texture":"#0"},"up":{"uv":[9.5,6.75,9.75,7],"texture":"#0"},"down":{"uv":[9.5,13.75,9.75,14],"texture":"#0"}}},{"from":[5.75,2,5],"to":[6.25,9,6.25],"faces":{"north":{"uv":[6.25,7,5.75,14],"texture":"#0"},"east":{"uv":[6,7,6.25,14],"texture":"#0"},"south":{"uv":[5.75,7,6.25,14],"texture":"#0"},"west":{"uv":[5.75,7,6,14],"texture":"#0"},"up":{"uv":[5.75,7,6.25,7.25],"texture":"#0"},"down":{"uv":[5.75,13.75,6.25,14],"texture":"#0"}}},{"from":[9.75,2,5],"to":[10.25,9,6.25],"faces":{"north":{"uv":[10.25,7,9.75,14],"texture":"#0"},"east":{"uv":[10,7,10.25,14],"texture":"#0"},"south":{"uv":[9.75,7,10.25,14],"texture":"#0"},"west":{"uv":[9.75,7,10,14],"texture":"#0"},"up":{"uv":[9.75,7,10.25,7.25],"texture":"#0"},"down":{"uv":[9.75,13.75,10.25,14],"texture":"#0"}}},{"from":[5.5,2,5],"to":[5.75,8.75,6.25],"faces":{"north":{"uv":[5.75,7.25,5.5,14],"texture":"#0"},"east":{"uv":[5.5,7.25,5.75,14],"texture":"#0"},"south":{"uv":[5.5,7.25,5.75,14],"texture":"#0"},"west":{"uv":[5.5,7.25,5.75,14],"texture":"#0"},"up":{"uv":[5.5,7.25,5.75,7.5],"texture":"#0"},"down":{"uv":[5.5,13.75,5.75,14],"texture":"#0"}}},{"from":[10.25,2,5],"to":[10.5,8.75,6.25],"faces":{"north":{"uv":[10.5,7.25,10.25,14],"texture":"#0"},"east":{"uv":[10.25,7.25,10.5,14],"texture":"#0"},"south":{"uv":[10.25,7.25,10.5,14],"texture":"#0"},"west":{"uv":[10.25,7.25,10.5,14],"texture":"#0"},"up":{"uv":[10.25,7.25,10.5,7.5],"texture":"#0"},"down":{"uv":[10.25,13.75,10.5,14],"texture":"#0"}}},{"from":[5.25,5.25,5],"to":[5.5,8.5,6.25],"faces":{"north":{"uv":[5.5,7.5,5.25,10.75],"texture":"#0"},"east":{"uv":[5.25,7.5,5.5,10.75],"texture":"#0"},"south":{"uv":[5.25,7.5,5.5,10.75],"texture":"#0"},"west":{"uv":[5.25,7.5,5.5,10.75],"texture":"#0"},"up":{"uv":[5.25,7.5,5.5,7.75],"texture":"#0"},"down":{"uv":[5.25,10.5,5.5,10.75],"texture":"#0"}}},{"from":[10.5,4.75,5],"to":[10.75,8.5,6.25],"faces":{"north":{"uv":[10.75,7.5,10.5,11.25],"texture":"#0"},"east":{"uv":[10.5,7.5,10.75,11.25],"texture":"#0"},"south":{"uv":[10.5,7.5,10.75,11.25],"texture":"#0"},"west":{"uv":[10.5,7.5,10.75,11.25],"texture":"#0"},"up":{"uv":[10.5,7.5,10.75,7.75],"texture":"#0"},"down":{"uv":[10.5,11,10.75,11.25],"texture":"#0"}}},{"from":[5,8,5],"to":[5.25,8.25,6.25],"faces":{"north":{"uv":[5.25,7.75,5,8],"texture":"#0"},"east":{"uv":[5,7.75,5.25,8],"texture":"#0"},"south":{"uv":[5,7.75,5.25,8],"texture":"#0"},"west":{"uv":[5,7.75,5.25,8],"texture":"#0"},"up":{"uv":[5,7.75,5.25,8],"texture":"#0"},"down":{"uv":[5,7.75,5.25,8],"texture":"#0"}}},{"from":[10.5,2.25,5],"to":[10.75,2.5,6.25],"faces":{"north":{"uv":[10.75,13.5,10.5,13.75],"texture":"#0"},"east":{"uv":[10.5,13.5,10.75,13.75],"texture":"#0"},"south":{"uv":[10.5,13.5,10.75,13.75],"texture":"#0"},"west":{"uv":[10.5,13.5,10.75,13.75],"texture":"#0"},"up":{"uv":[10.5,13.5,10.75,13.75],"texture":"#0"},"down":{"uv":[10.5,13.5,10.75,13.75],"texture":"#0"}}}],"display":{"thirdperson_righthand":{"rotation":[0,113,0],"translation":[1.5,0.75,-1.75]},"thirdperson_lefthand":{"rotation":[0,-78,0],"translation":[-2.75,0,0]},"firstperson_righthand":{"rotation":[0,-107,0],"translation":[-0.25,1.5,0]},"firstperson_lefthand":{"rotation":[0,-99,0],"translation":[-0.5,1.5,0.5]},"ground":{"rotation":[0,-1,0],"translation":[0,3,1.75],"scale":[1.25,1,0.99]},"gui":{"rotation":[-16,-20,-15],"translation":[0,0.5,0]},"head":{"translation":[0,-15.25,-2]},"fixed":{"translation":[0,0,2.25]}},"groups":[{"name":"bottle-whiskey","origin":[8,8,8],"color":0,"children":[0,1,2,3,4,5,6,7,8,9,10,11,12,13,14,15,16,17,18,19]}]}