{"credit":"Made with Blockbench","textures":{"0":"block/custom/colt-single-action","particle":"block/custom/colt-single-action"},"elements":[{"from":[12.75,2.5,6],"to":[14.75,3.25,7.25],"faces":{"north":{"uv":[14.5,0.25,13.75,2.25],"rotation":270,"texture":"#0"},"east":{"uv":[13.75,0.25,14.5,0.5],"rotation":90,"texture":"#0"},"south":{"uv":[13.75,0.25,14.5,2.25],"rotation":90,"texture":"#0"},"west":{"uv":[13.75,2,14.5,2.25],"rotation":90,"texture":"#0"},"up":{"uv":[13.75,0.25,14,2.25],"rotation":90,"texture":"#0"},"down":{"uv":[14.25,0.25,14.5,2.25],"rotation":90,"texture":"#0"}}},{"from":[13.25,1.75,6],"to":[14.75,2,7.25],"faces":{"north":{"uv":[15.25,0.25,15,1.75],"rotation":270,"texture":"#0"},"east":{"uv":[15,0.25,15.25,0.5],"rotation":90,"texture":"#0"},"south":{"uv":[15,0.25,15.25,1.75],"rotation":90,"texture":"#0"},"west":{"uv":[15,1.5,15.25,1.75],"rotation":90,"texture":"#0"},"up":{"uv":[15,0.25,15.25,1.75],"rotation":90,"texture":"#0"},"down":{"uv":[15,0.25,15.25,1.75],"rotation":90,"texture":"#0"}}},{"from":[12.5,3.25,6],"to":[14.5,3.5,7.25],"faces":{"north":{"uv":[13.75,0.5,13.5,2.5],"rotation":270,"texture":"#0"},"east":{"uv":[13.5,0.5,13.75,0.75],"rotation":90,"texture":"#0"},"south":{"uv":[13.5,0.5,13.75,2.5],"rotation":90,"texture":"#0"},"west":{"uv":[13.5,2.25,13.75,2.5],"rotation":90,"texture":"#0"},"up":{"uv":[13.5,0.5,13.75,2.5],"rotation":90,"texture":"#0"},"down":{"uv":[13.5,0.5,13.75,2.5],"rotation":90,"texture":"#0"}}},{"from":[13,2,6],"to":[14.5,2.5,7.25],"faces":{"north":{"uv":[15,0.5,14.5,2],"rotation":270,"texture":"#0"},"east":{"uv":[14.5,0.5,15,0.75],"rotation":90,"texture":"#0"},"south":{"uv":[14.5,0.5,15,2],"rotation":90,"texture":"#0"},"west":{"uv":[14.5,1.75,15,2],"rotation":90,"texture":"#0"},"up":{"uv":[14.5,0.5,14.75,2],"rotation":90,"texture":"#0"},"down":{"uv":[14.75,0.5,15,2],"rotation":90,"texture":"#0"}}},{"from":[13.25,1.5,6],"to":[14.5,1.75,7.25],"faces":{"north":{"uv":[15.5,0.5,15.25,1.75],"rotation":270,"texture":"#0"},"east":{"uv":[15.25,0.5,15.5,0.75],"rotation":90,"texture":"#0"},"south":{"uv":[15.25,0.5,15.5,1.75],"rotation":90,"texture":"#0"},"west":{"uv":[15.25,1.5,15.5,1.75],"rotation":90,"texture":"#0"},"up":{"uv":[15.25,0.5,15.5,1.75],"rotation":90,"texture":"#0"},"down":{"uv":[15.25,0.5,15.5,1.75],"rotation":90,"texture":"#0"}}},{"from":[12.5,3.5,6],"to":[14,3.75,7.25],"faces":{"north":{"uv":[13.5,1,13.25,2.5],"rotation":270,"texture":"#0"},"east":{"uv":[13.25,1,13.5,1.25],"rotation":90,"texture":"#0"},"south":{"uv":[13.25,1,13.5,2.5],"rotation":90,"texture":"#0"},"west":{"uv":[13.25,2.25,13.5,2.5],"rotation":90,"texture":"#0"},"up":{"uv":[13.25,1,13.5,2.5],"rotation":90,"texture":"#0"},"down":{"uv":[13.25,1,13.5,2.5],"rotation":90,"texture":"#0"}}},{"from":[12.25,3.75,6],"to":[13.75,4.25,7.25],"faces":{"north":{"uv":[13.25,1.25,12.75,2.75],"rotation":270,"texture":"#0"},"east":{"uv":[12.75,1.25,13.25,1.5],"rotation":90,"texture":"#0"},"south":{"uv":[12.75,1.25,13.25,2.75],"rotation":90,"texture":"#0"},"west":{"uv":[12.75,2.5,13.25,2.75],"rotation":90,"texture":"#0"},"up":{"uv":[12.75,1.25,13,2.75],"rotation":90,"texture":"#0"},"down":{"uv":[13,1.25,13.25,2.75],"rotation":90,"texture":"#0"}}},{"from":[13.25,1.25,6],"to":[13.75,1.5,7.25],"faces":{"north":{"uv":[15.75,1.25,15.5,1.75],"rotation":270,"texture":"#0"},"east":{"uv":[15.5,1.25,15.75,1.5],"rotation":90,"texture":"#0"},"south":{"uv":[15.5,1.25,15.75,1.75],"rotation":90,"texture":"#0"},"west":{"uv":[15.5,1.5,15.75,1.75],"rotation":90,"texture":"#0"},"up":{"uv":[15.5,1.25,15.75,1.75],"rotation":90,"texture":"#0"},"down":{"uv":[15.5,1.25,15.75,1.75],"rotation":90,"texture":"#0"}}},{"from":[12.25,4.25,6],"to":[13.5,5,7.25],"faces":{"north":{"uv":[12.75,1.5,12,2.75],"rotation":270,"texture":"#0"},"east":{"uv":[12,1.5,12.75,1.75],"rotation":90,"texture":"#0"},"south":{"uv":[12,1.5,12.75,2.75],"rotation":90,"texture":"#0"},"west":{"uv":[12,2.5,12.75,2.75],"rotation":90,"texture":"#0"},"up":{"uv":[12,1.5,12.25,2.75],"rotation":90,"texture":"#0"},"down":{"uv":[12.5,1.5,12.75,2.75],"rotation":90,"texture":"#0"}}},{"from":[11.75,5,6],"to":[13.25,5.5,7.25],"faces":{"north":{"uv":[12,1.75,11.5,3.25],"rotation":270,"texture":"#0"},"east":{"uv":[11.5,1.75,12,2],"rotation":90,"texture":"#0"},"south":{"uv":[11.5,1.75,12,3.25],"rotation":90,"texture":"#0"},"west":{"uv":[11.5,3,12,3.25],"rotation":90,"texture":"#0"},"up":{"uv":[11.5,1.75,11.75,3.25],"rotation":90,"texture":"#0"},"down":{"uv":[11.75,1.75,12,3.25],"rotation":90,"texture":"#0"}}},{"from":[11.5,5.5,6],"to":[13,6.25,7.25],"faces":{"north":{"uv":[11.5,2,10.75,3.5],"rotation":270,"texture":"#0"},"east":{"uv":[10.75,2,11.5,2.25],"rotation":90,"texture":"#0"},"south":{"uv":[10.75,2,11.5,3.5],"rotation":90,"texture":"#0"},"west":{"uv":[10.75,3.25,11.5,3.5],"rotation":90,"texture":"#0"},"up":{"uv":[10.75,2,11,3.5],"rotation":90,"texture":"#0"},"down":{"uv":[11.25,2,11.5,3.5],"rotation":90,"texture":"#0"}}},{"from":[12.75,2.25,6],"to":[13,2.5,7.25],"faces":{"north":{"uv":[14.75,2,14.5,2.25],"rotation":270,"texture":"#0"},"east":{"uv":[14.5,2,14.75,2.25],"rotation":90,"texture":"#0"},"south":{"uv":[14.5,2,14.75,2.25],"rotation":90,"texture":"#0"},"west":{"uv":[14.5,2,14.75,2.25],"rotation":90,"texture":"#0"},"up":{"uv":[14.5,2,14.75,2.25],"rotation":90,"texture":"#0"},"down":{"uv":[14.5,2,14.75,2.25],"rotation":90,"texture":"#0"}}},{"from":[11.25,6.25,6],"to":[12.75,6.75,7.25],"faces":{"north":{"uv":[10.75,2.25,10.25,3.75],"rotation":270,"texture":"#0"},"east":{"uv":[10.25,2.25,10.75,2.5],"rotation":90,"texture":"#0"},"south":{"uv":[10.25,2.25,10.75,3.75],"rotation":90,"texture":"#0"},"west":{"uv":[10.25,3.5,10.75,3.75],"rotation":90,"texture":"#0"},"up":{"uv":[10.25,2.25,10.5,3.75],"rotation":90,"texture":"#0"},"down":{"uv":[10.5,2.25,10.75,3.75],"rotation":90,"texture":"#0"}}},{"from":[12.5,2,6],"to":[12.75,2.25,7.25],"faces":{"north":{"uv":[15,2.25,14.75,2.5],"rotation":270,"texture":"#0"},"east":{"uv":[14.75,2.25,15,2.5],"rotation":90,"texture":"#0"},"south":{"uv":[14.75,2.25,15,2.5],"rotation":90,"texture":"#0"},"west":{"uv":[14.75,2.25,15,2.5],"rotation":90,"texture":"#0"},"up":{"uv":[14.75,2.25,15,2.5],"rotation":90,"texture":"#0"},"down":{"uv":[14.75,2.25,15,2.5],"rotation":90,"texture":"#0"}}},{"from":[11,6.75,6],"to":[12.5,7.5,7.25],"faces":{"north":{"uv":[10.25,2.5,9.5,4],"rotation":270,"texture":"#0"},"east":{"uv":[9.5,2.5,10.25,2.75],"rotation":90,"texture":"#0"},"south":{"uv":[9.5,2.5,10.25,4],"rotation":90,"texture":"#0"},"west":{"uv":[9.5,3.75,10.25,4],"rotation":90,"texture":"#0"},"up":{"uv":[9.5,2.5,9.75,4],"rotation":90,"texture":"#0"},"down":{"uv":[10,2.5,10.25,4],"rotation":90,"texture":"#0"}}},{"from":[10.5,7.5,6],"to":[12.25,8,7.25],"faces":{"north":{"uv":[9.5,2.75,9,4.5],"rotation":270,"texture":"#0"},"east":{"uv":[9,2.75,9.5,3],"rotation":90,"texture":"#0"},"south":{"uv":[9,2.75,9.5,4.5],"rotation":90,"texture":"#0"},"west":{"uv":[9,4.25,9.5,4.5],"rotation":90,"texture":"#0"},"up":{"uv":[9,2.75,9.25,4.5],"rotation":90,"texture":"#0"},"down":{"uv":[9.25,2.75,9.5,4.5],"rotation":90,"texture":"#0"}}},{"from":[12,4.5,6],"to":[12.25,5,7.25],"faces":{"north":{"uv":[12.5,2.75,12,3],"rotation":270,"texture":"#0"},"east":{"uv":[12,2.75,12.5,3],"rotation":90,"texture":"#0"},"south":{"uv":[12,2.75,12.5,3],"rotation":90,"texture":"#0"},"west":{"uv":[12,2.75,12.5,3],"rotation":90,"texture":"#0"},"up":{"uv":[12,2.75,12.25,3],"rotation":90,"texture":"#0"},"down":{"uv":[12.25,2.75,12.5,3],"rotation":90,"texture":"#0"}}},{"from":[9.75,9,6],"to":[12,9.5,7.25],"faces":{"north":{"uv":[8,3,7.5,5.25],"rotation":270,"texture":"#0"},"east":{"uv":[7.5,3,8,3.25],"rotation":90,"texture":"#0"},"south":{"uv":[7.5,3,8,5.25],"rotation":90,"texture":"#0"},"west":{"uv":[7.5,5,8,5.25],"rotation":90,"texture":"#0"},"up":{"uv":[7.5,3,7.75,5.25],"rotation":90,"texture":"#0"},"down":{"uv":[7.75,3,8,5.25],"rotation":90,"texture":"#0"}}},{"from":[10.25,8,6],"to":[12,8.75,7.25],"faces":{"north":{"uv":[9,3,8.25,4.75],"rotation":270,"texture":"#0"},"east":{"uv":[8.25,3,9,3.25],"rotation":90,"texture":"#0"},"south":{"uv":[8.25,3,9,4.75],"rotation":90,"texture":"#0"},"west":{"uv":[8.25,4.5,9,4.75],"rotation":90,"texture":"#0"},"up":{"uv":[8.25,3,8.5,4.75],"rotation":90,"texture":"#0"},"down":{"uv":[8.75,3,9,4.75],"rotation":90,"texture":"#0"}}},{"from":[11.5,9.5,6],"to":[11.75,10.25,7.25],"faces":{"north":{"uv":[7.5,3.25,6.75,3.5],"rotation":270,"texture":"#0"},"east":{"uv":[6.75,3.25,7.5,3.5],"rotation":90,"texture":"#0"},"south":{"uv":[6.75,3.25,7.5,3.5],"rotation":90,"texture":"#0"},"west":{"uv":[6.75,3.25,7.5,3.5],"rotation":90,"texture":"#0"},"up":{"uv":[6.75,3.25,7,3.5],"rotation":90,"texture":"#0"},"down":{"uv":[7.25,3.25,7.5,3.5],"rotation":90,"texture":"#0"}}},{"from":[9.25,8.75,6],"to":[11.75,9,7.25],"faces":{"north":{"uv":[8.25,3.25,8,5.75],"rotation":270,"texture":"#0"},"east":{"uv":[8,3.25,8.25,3.5],"rotation":90,"texture":"#0"},"south":{"uv":[8,3.25,8.25,5.75],"rotation":90,"texture":"#0"},"west":{"uv":[8,5.5,8.25,5.75],"rotation":90,"texture":"#0"},"up":{"uv":[8,3.25,8.25,5.75],"rotation":90,"texture":"#0"},"down":{"uv":[8,3.25,8.25,5.75],"rotation":90,"texture":"#0"}}},{"from":[11.25,10.25,6],"to":[11.5,10.75,7.25],"faces":{"north":{"uv":[6.75,3.5,6.25,3.75],"rotation":270,"texture":"#0"},"east":{"uv":[6.25,3.5,6.75,3.75],"rotation":90,"texture":"#0"},"south":{"uv":[6.25,3.5,6.75,3.75],"rotation":90,"texture":"#0"},"west":{"uv":[6.25,3.5,6.75,3.75],"rotation":90,"texture":"#0"},"up":{"uv":[6.25,3.5,6.5,3.75],"rotation":90,"texture":"#0"},"down":{"uv":[6.5,3.5,6.75,3.75],"rotation":90,"texture":"#0"}}},{"from":[10.75,9.5,6],"to":[11.5,9.75,7.25],"faces":{"north":{"uv":[7.5,3.5,7.25,4.25],"rotation":270,"texture":"#0"},"east":{"uv":[7.25,3.5,7.5,3.75],"rotation":90,"texture":"#0"},"south":{"uv":[7.25,3.5,7.5,4.25],"rotation":90,"texture":"#0"},"west":{"uv":[7.25,4,7.5,4.25],"rotation":90,"texture":"#0"},"up":{"uv":[7.25,3.5,7.5,4.25],"rotation":90,"texture":"#0"},"down":{"uv":[7.25,3.5,7.5,4.25],"rotation":90,"texture":"#0"}}},{"from":[11,10.75,6],"to":[11.25,11.5,7.25],"faces":{"north":{"uv":[6.25,3.75,5.5,4],"rotation":270,"texture":"#0"},"east":{"uv":[5.5,3.75,6.25,4],"rotation":90,"texture":"#0"},"south":{"uv":[5.5,3.75,6.25,4],"rotation":90,"texture":"#0"},"west":{"uv":[5.5,3.75,6.25,4],"rotation":90,"texture":"#0"},"up":{"uv":[5.5,3.75,5.75,4],"rotation":90,"texture":"#0"},"down":{"uv":[6,3.75,6.25,4],"rotation":90,"texture":"#0"}}},{"from":[10.75,11.5,6],"to":[11,12,7.25],"faces":{"north":{"uv":[5.5,4,5,4.25],"rotation":270,"texture":"#0"},"east":{"uv":[5,4,5.5,4.25],"rotation":90,"texture":"#0"},"south":{"uv":[5,4,5.5,4.25],"rotation":90,"texture":"#0"},"west":{"uv":[5,4,5.5,4.25],"rotation":90,"texture":"#0"},"up":{"uv":[5,4,5.25,4.25],"rotation":90,"texture":"#0"},"down":{"uv":[5.25,4,5.5,4.25],"rotation":90,"texture":"#0"}}},{"from":[8,10.25,6],"to":[11,10.5,7.25],"faces":{"north":{"uv":[6.75,4,6.5,7],"rotation":270,"texture":"#0"},"east":{"uv":[6.5,4,6.75,4.25],"rotation":90,"texture":"#0"},"south":{"uv":[6.5,4,6.75,7],"rotation":90,"texture":"#0"},"west":{"uv":[6.5,6.75,6.75,7],"rotation":90,"texture":"#0"},"up":{"uv":[6.5,4,6.75,7],"rotation":90,"texture":"#0"},"down":{"uv":[6.5,4,6.75,7],"rotation":90,"texture":"#0"}}},{"from":[10.75,7.25,6],"to":[11,7.5,7.25],"faces":{"north":{"uv":[9.75,4,9.5,4.25],"rotation":270,"texture":"#0"},"east":{"uv":[9.5,4,9.75,4.25],"rotation":90,"texture":"#0"},"south":{"uv":[9.5,4,9.75,4.25],"rotation":90,"texture":"#0"},"west":{"uv":[9.5,4,9.75,4.25],"rotation":90,"texture":"#0"},"up":{"uv":[9.5,4,9.75,4.25],"rotation":90,"texture":"#0"},"down":{"uv":[9.5,4,9.75,4.25],"rotation":90,"texture":"#0"}}},{"from":[10.5,12,6],"to":[10.75,12.75,7.25],"faces":{"north":{"uv":[5,4.25,4.25,4.5],"rotation":270,"texture":"#0"},"east":{"uv":[4.25,4.25,5,4.5],"rotation":90,"texture":"#0"},"south":{"uv":[4.25,4.25,5,4.5],"rotation":90,"texture":"#0"},"west":{"uv":[4.25,4.25,5,4.5],"rotation":90,"texture":"#0"},"up":{"uv":[4.25,4.25,4.5,4.5],"rotation":90,"texture":"#0"},"down":{"uv":[4.75,4.25,5,4.5],"rotation":90,"texture":"#0"}}},{"from":[8,10.5,6],"to":[10.75,11.25,7.25],"faces":{"north":{"uv":[6.5,4.25,5.75,7],"rotation":270,"texture":"#0"},"east":{"uv":[5.75,4.25,6.5,4.5],"rotation":90,"texture":"#0"},"south":{"uv":[5.75,4.25,6.5,7],"rotation":90,"texture":"#0"},"west":{"uv":[5.75,6.75,6.5,7],"rotation":90,"texture":"#0"},"up":{"uv":[5.75,4.25,6,7],"rotation":90,"texture":"#0"},"down":{"uv":[6.25,4.25,6.5,7],"rotation":90,"texture":"#0"}}},{"from":[8,10,6],"to":[10.75,10.25,7.25],"faces":{"north":{"uv":[7,4.25,6.75,7],"rotation":270,"texture":"#0"},"east":{"uv":[6.75,4.25,7,4.5],"rotation":90,"texture":"#0"},"south":{"uv":[6.75,4.25,7,7],"rotation":90,"texture":"#0"},"west":{"uv":[6.75,6.75,7,7],"rotation":90,"texture":"#0"},"up":{"uv":[6.75,4.25,7,7],"rotation":90,"texture":"#0"},"down":{"uv":[6.75,4.25,7,7],"rotation":90,"texture":"#0"}}},{"from":[10.25,12.5,6],"to":[10.5,13.25,7.25],"faces":{"north":{"uv":[4.5,4.5,3.75,4.75],"rotation":270,"texture":"#0"},"east":{"uv":[3.75,4.5,4.5,4.75],"rotation":90,"texture":"#0"},"south":{"uv":[3.75,4.5,4.5,4.75],"rotation":90,"texture":"#0"},"west":{"uv":[3.75,4.5,4.5,4.75],"rotation":90,"texture":"#0"},"up":{"uv":[3.75,4.5,4,4.75],"rotation":90,"texture":"#0"},"down":{"uv":[4.25,4.5,4.5,4.75],"rotation":90,"texture":"#0"}}},{"from":[7.5,11.25,6],"to":[10.5,11.75,7.25],"faces":{"north":{"uv":[5.75,4.5,5.25,7.5],"rotation":270,"texture":"#0"},"east":{"uv":[5.25,4.5,5.75,4.75],"rotation":90,"texture":"#0"},"south":{"uv":[5.25,4.5,5.75,7.5],"rotation":90,"texture":"#0"},"west":{"uv":[5.25,7.25,5.75,7.5],"rotation":90,"texture":"#0"},"up":{"uv":[5.25,4.5,5.5,7.5],"rotation":90,"texture":"#0"},"down":{"uv":[5.5,4.5,5.75,7.5],"rotation":90,"texture":"#0"}}},{"from":[8.25,9.75,6],"to":[10.5,10,7.25],"faces":{"north":{"uv":[7.25,4.5,7,6.75],"rotation":270,"texture":"#0"},"east":{"uv":[7,4.5,7.25,4.75],"rotation":90,"texture":"#0"},"south":{"uv":[7,4.5,7.25,6.75],"rotation":90,"texture":"#0"},"west":{"uv":[7,6.5,7.25,6.75],"rotation":90,"texture":"#0"},"up":{"uv":[7,4.5,7.25,6.75],"rotation":90,"texture":"#0"},"down":{"uv":[7,4.5,7.25,6.75],"rotation":90,"texture":"#0"}}},{"from":[4.75,13,6],"to":[10.25,13.5,7.25],"faces":{"north":{"uv":[4,4.75,3.5,10.25],"rotation":270,"texture":"#0"},"east":{"uv":[3.5,4.75,4,5],"rotation":90,"texture":"#0"},"south":{"uv":[3.5,4.75,4,10.25],"rotation":90,"texture":"#0"},"west":{"uv":[3.5,10,4,10.25],"rotation":90,"texture":"#0"},"up":{"uv":[3.5,4.75,3.75,10.25],"rotation":90,"texture":"#0"},"down":{"uv":[3.75,4.75,4,10.25],"rotation":90,"texture":"#0"}}},{"from":[7.75,11.75,6],"to":[10.25,12.25,7.25],"faces":{"north":{"uv":[5.25,4.75,4.75,7.25],"rotation":270,"texture":"#0"},"east":{"uv":[4.75,4.75,5.25,5],"rotation":90,"texture":"#0"},"south":{"uv":[4.75,4.75,5.25,7.25],"rotation":90,"texture":"#0"},"west":{"uv":[4.75,7,5.25,7.25],"rotation":90,"texture":"#0"},"up":{"uv":[4.75,4.75,5,7.25],"rotation":90,"texture":"#0"},"down":{"uv":[5,4.75,5.25,7.25],"rotation":90,"texture":"#0"}}},{"from":[8,8.25,6],"to":[10.25,8.75,7.25],"faces":{"north":{"uv":[8.75,4.75,8.25,7],"rotation":270,"texture":"#0"},"east":{"uv":[8.25,4.75,8.75,5],"rotation":90,"texture":"#0"},"south":{"uv":[8.25,4.75,8.75,7],"rotation":90,"texture":"#0"},"west":{"uv":[8.25,6.75,8.75,7],"rotation":90,"texture":"#0"},"up":{"uv":[8.25,4.75,8.5,7],"rotation":90,"texture":"#0"},"down":{"uv":[8.5,4.75,8.75,7],"rotation":90,"texture":"#0"}}},{"from":[5,12.25,6],"to":[10,12.5,7.25],"faces":{"north":{"uv":[4.75,5,4.5,10],"rotation":270,"texture":"#0"},"east":{"uv":[4.5,5,4.75,5.25],"rotation":90,"texture":"#0"},"south":{"uv":[4.5,5,4.75,10],"rotation":90,"texture":"#0"},"west":{"uv":[4.5,9.75,4.75,10],"rotation":90,"texture":"#0"},"up":{"uv":[4.5,5,4.75,10],"rotation":90,"texture":"#0"},"down":{"uv":[4.5,5,4.75,10],"rotation":90,"texture":"#0"}}},{"from":[8.25,9.5,6],"to":[10,9.75,7.25],"faces":{"north":{"uv":[7.5,5,7.25,6.75],"rotation":270,"texture":"#0"},"east":{"uv":[7.25,5,7.5,5.25],"rotation":90,"texture":"#0"},"south":{"uv":[7.25,5,7.5,6.75],"rotation":90,"texture":"#0"},"west":{"uv":[7.25,6.5,7.5,6.75],"rotation":90,"texture":"#0"},"up":{"uv":[7.25,5,7.5,6.75],"rotation":90,"texture":"#0"},"down":{"uv":[7.25,5,7.5,6.75],"rotation":90,"texture":"#0"}}},{"from":[9.75,8,6],"to":[10,8.25,7.25],"faces":{"north":{"uv":[9,5,8.75,5.25],"rotation":270,"texture":"#0"},"east":{"uv":[8.75,5,9,5.25],"rotation":90,"texture":"#0"},"south":{"uv":[8.75,5,9,5.25],"rotation":90,"texture":"#0"},"west":{"uv":[8.75,5,9,5.25],"rotation":90,"texture":"#0"},"up":{"uv":[8.75,5,9,5.25],"rotation":90,"texture":"#0"},"down":{"uv":[8.75,5,9,5.25],"rotation":90,"texture":"#0"}}},{"from":[7.75,13.5,6],"to":[9.75,13.75,7.25],"faces":{"north":{"uv":[3.5,5.25,3.25,7.25],"rotation":270,"texture":"#0"},"east":{"uv":[3.25,5.25,3.5,5.5],"rotation":90,"texture":"#0"},"south":{"uv":[3.25,5.25,3.5,7.25],"rotation":90,"texture":"#0"},"west":{"uv":[3.25,7,3.5,7.25],"rotation":90,"texture":"#0"},"up":{"uv":[3.25,5.25,3.5,7.25],"rotation":90,"texture":"#0"},"down":{"uv":[3.25,5.25,3.5,7.25],"rotation":90,"texture":"#0"}}},{"from":[5,12.75,6],"to":[9.75,13,7.25],"faces":{"north":{"uv":[4.25,5.25,4,10],"rotation":270,"texture":"#0"},"east":{"uv":[4,5.25,4.25,5.5],"rotation":90,"texture":"#0"},"south":{"uv":[4,5.25,4.25,10],"rotation":90,"texture":"#0"},"west":{"uv":[4,9.75,4.25,10],"rotation":90,"texture":"#0"},"up":{"uv":[4,5.25,4.25,10],"rotation":90,"texture":"#0"},"down":{"uv":[4,5.25,4.25,10],"rotation":90,"texture":"#0"}}},{"from":[9.25,15,6],"to":[9.5,15.25,7.25],"faces":{"north":{"uv":[2,5.5,1.75,5.75],"rotation":270,"texture":"#0"},"east":{"uv":[1.75,5.5,2,5.75],"rotation":90,"texture":"#0"},"south":{"uv":[1.75,5.5,2,5.75],"rotation":90,"texture":"#0"},"west":{"uv":[1.75,5.5,2,5.75],"rotation":90,"texture":"#0"},"up":{"uv":[1.75,5.5,2,5.75],"rotation":90,"texture":"#0"},"down":{"uv":[1.75,5.5,2,5.75],"rotation":90,"texture":"#0"}}},{"from":[8,13.75,6],"to":[9.5,14,7.25],"faces":{"north":{"uv":[3.25,5.5,3,7],"rotation":270,"texture":"#0"},"east":{"uv":[3,5.5,3.25,5.75],"rotation":90,"texture":"#0"},"south":{"uv":[3,5.5,3.25,7],"rotation":90,"texture":"#0"},"west":{"uv":[3,6.75,3.25,7],"rotation":90,"texture":"#0"},"up":{"uv":[3,5.5,3.25,7],"rotation":90,"texture":"#0"},"down":{"uv":[3,5.5,3.25,7],"rotation":90,"texture":"#0"}}},{"from":[5,12.5,6],"to":[9.5,12.75,7.25],"faces":{"north":{"uv":[4.5,5.5,4.25,10],"rotation":270,"texture":"#0"},"east":{"uv":[4.25,5.5,4.5,5.75],"rotation":90,"texture":"#0"},"south":{"uv":[4.25,5.5,4.5,10],"rotation":90,"texture":"#0"},"west":{"uv":[4.25,9.75,4.5,10],"rotation":90,"texture":"#0"},"up":{"uv":[4.25,5.5,4.5,10],"rotation":90,"texture":"#0"},"down":{"uv":[4.25,5.5,4.5,10],"rotation":90,"texture":"#0"}}},{"from":[9,14,6],"to":[9.25,14.75,7.25],"faces":{"north":{"uv":[3,5.75,2.25,6],"rotation":270,"texture":"#0"},"east":{"uv":[2.25,5.75,3,6],"rotation":90,"texture":"#0"},"south":{"uv":[2.25,5.75,3,6],"rotation":90,"texture":"#0"},"west":{"uv":[2.25,5.75,3,6],"rotation":90,"texture":"#0"},"up":{"uv":[2.25,5.75,2.5,6],"rotation":90,"texture":"#0"},"down":{"uv":[2.75,5.75,3,6],"rotation":90,"texture":"#0"}}},{"from":[8.5,9.25,6],"to":[9.25,9.5,7.25],"faces":{"north":{"uv":[7.75,5.75,7.5,6.5],"rotation":270,"texture":"#0"},"east":{"uv":[7.5,5.75,7.75,6],"rotation":90,"texture":"#0"},"south":{"uv":[7.5,5.75,7.75,6.5],"rotation":90,"texture":"#0"},"west":{"uv":[7.5,6.25,7.75,6.5],"rotation":90,"texture":"#0"},"up":{"uv":[7.5,5.75,7.75,6.5],"rotation":90,"texture":"#0"},"down":{"uv":[7.5,5.75,7.75,6.5],"rotation":90,"texture":"#0"}}},{"from":[8.75,14,6],"to":[9,14.5,7.25],"faces":{"north":{"uv":[3,6,2.5,6.25],"rotation":270,"texture":"#0"},"east":{"uv":[2.5,6,3,6.25],"rotation":90,"texture":"#0"},"south":{"uv":[2.5,6,3,6.25],"rotation":90,"texture":"#0"},"west":{"uv":[2.5,6,3,6.25],"rotation":90,"texture":"#0"},"up":{"uv":[2.5,6,2.75,6.25],"rotation":90,"texture":"#0"},"down":{"uv":[2.75,6,3,6.25],"rotation":90,"texture":"#0"}}},{"from":[8.25,8,6],"to":[9,8.25,7.25],"faces":{"north":{"uv":[9,6,8.75,6.75],"rotation":270,"texture":"#0"},"east":{"uv":[8.75,6,9,6.25],"rotation":90,"texture":"#0"},"south":{"uv":[8.75,6,9,6.75],"rotation":90,"texture":"#0"},"west":{"uv":[8.75,6.5,9,6.75],"rotation":90,"texture":"#0"},"up":{"uv":[8.75,6,9,6.75],"rotation":90,"texture":"#0"},"down":{"uv":[8.75,6,9,6.75],"rotation":90,"texture":"#0"}}},{"from":[7.5,8.75,6],"to":[8.25,9.25,7.25],"faces":{"north":{"uv":[8.25,6.75,7.75,7.5],"rotation":270,"texture":"#0"},"east":{"uv":[7.75,6.75,8.25,7],"rotation":90,"texture":"#0"},"south":{"uv":[7.75,6.75,8.25,7.5],"rotation":90,"texture":"#0"},"west":{"uv":[7.75,7.25,8.25,7.5],"rotation":90,"texture":"#0"},"up":{"uv":[7.75,6.75,8,7.5],"rotation":90,"texture":"#0"},"down":{"uv":[8,6.75,8.25,7.5],"rotation":90,"texture":"#0"}}},{"from":[7.75,10.75,6],"to":[8,11.25,7.25],"faces":{"north":{"uv":[6.25,7,5.75,7.25],"rotation":270,"texture":"#0"},"east":{"uv":[5.75,7,6.25,7.25],"rotation":90,"texture":"#0"},"south":{"uv":[5.75,7,6.25,7.25],"rotation":90,"texture":"#0"},"west":{"uv":[5.75,7,6.25,7.25],"rotation":90,"texture":"#0"},"up":{"uv":[5.75,7,6,7.25],"rotation":90,"texture":"#0"},"down":{"uv":[6,7,6.25,7.25],"rotation":90,"texture":"#0"}}},{"from":[7.25,9.25,6],"to":[8,10,7.25],"faces":{"north":{"uv":[7.75,7,7,7.75],"rotation":270,"texture":"#0"},"east":{"uv":[7,7,7.75,7.25],"rotation":90,"texture":"#0"},"south":{"uv":[7,7,7.75,7.75],"rotation":90,"texture":"#0"},"west":{"uv":[7,7.5,7.75,7.75],"rotation":90,"texture":"#0"},"up":{"uv":[7,7,7.25,7.75],"rotation":90,"texture":"#0"},"down":{"uv":[7.5,7,7.75,7.75],"rotation":90,"texture":"#0"}}},{"from":[5,12,6],"to":[7.75,12.25,7.25],"faces":{"north":{"uv":[5,7.25,4.75,10],"rotation":270,"texture":"#0"},"east":{"uv":[4.75,7.25,5,7.5],"rotation":90,"texture":"#0"},"south":{"uv":[4.75,7.25,5,10],"rotation":90,"texture":"#0"},"west":{"uv":[4.75,9.75,5,10],"rotation":90,"texture":"#0"},"up":{"uv":[4.75,7.25,5,10],"rotation":90,"texture":"#0"},"down":{"uv":[4.75,7.25,5,10],"rotation":90,"texture":"#0"}}},{"from":[6.5,10,6],"to":[7.75,10.5,7.25],"faces":{"north":{"uv":[7,7.25,6.5,8.5],"rotation":270,"texture":"#0"},"east":{"uv":[6.5,7.25,7,7.5],"rotation":90,"texture":"#0"},"south":{"uv":[6.5,7.25,7,8.5],"rotation":90,"texture":"#0"},"west":{"uv":[6.5,8.25,7,8.5],"rotation":90,"texture":"#0"},"up":{"uv":[6.5,7.25,6.75,8.5],"rotation":90,"texture":"#0"},"down":{"uv":[6.75,7.25,7,8.5],"rotation":90,"texture":"#0"}}},{"from":[4,13.5,6],"to":[7.5,13.75,7.25],"faces":{"north":{"uv":[3.5,7.5,3.25,11],"rotation":270,"texture":"#0"},"east":{"uv":[3.25,7.5,3.5,7.75],"rotation":90,"texture":"#0"},"south":{"uv":[3.25,7.5,3.5,11],"rotation":90,"texture":"#0"},"west":{"uv":[3.25,10.75,3.5,11],"rotation":90,"texture":"#0"},"up":{"uv":[3.25,7.5,3.5,11],"rotation":90,"texture":"#0"},"down":{"uv":[3.25,7.5,3.5,11],"rotation":90,"texture":"#0"}}},{"from":[6.5,10.5,6],"to":[7.5,11,7.25],"faces":{"north":{"uv":[6.5,7.5,6,8.5],"rotation":270,"texture":"#0"},"east":{"uv":[6,7.5,6.5,7.75],"rotation":90,"texture":"#0"},"south":{"uv":[6,7.5,6.5,8.5],"rotation":90,"texture":"#0"},"west":{"uv":[6,8.25,6.5,8.5],"rotation":90,"texture":"#0"},"up":{"uv":[6,7.5,6.25,8.5],"rotation":90,"texture":"#0"},"down":{"uv":[6.25,7.5,6.5,8.5],"rotation":90,"texture":"#0"}}},{"from":[6.5,11,6],"to":[7.25,12,7.25],"faces":{"north":{"uv":[6,7.75,5,8.5],"rotation":270,"texture":"#0"},"east":{"uv":[5,7.75,6,8],"rotation":90,"texture":"#0"},"south":{"uv":[5,7.75,6,8.5],"rotation":90,"texture":"#0"},"west":{"uv":[5,8.25,6,8.5],"rotation":90,"texture":"#0"},"up":{"uv":[5,7.75,5.25,8.5],"rotation":90,"texture":"#0"},"down":{"uv":[5.75,7.75,6,8.5],"rotation":90,"texture":"#0"}}},{"from":[6.5,9.5,6],"to":[7.25,10,7.25],"faces":{"north":{"uv":[7.5,7.75,7,8.5],"rotation":270,"texture":"#0"},"east":{"uv":[7,7.75,7.5,8],"rotation":90,"texture":"#0"},"south":{"uv":[7,7.75,7.5,8.5],"rotation":90,"texture":"#0"},"west":{"uv":[7,8.25,7.5,8.5],"rotation":90,"texture":"#0"},"up":{"uv":[7,7.75,7.25,8.5],"rotation":90,"texture":"#0"},"down":{"uv":[7.25,7.75,7.5,8.5],"rotation":90,"texture":"#0"}}},{"from":[0.25,13.75,6],"to":[7,14,7.25],"faces":{"north":{"uv":[3.25,8,3,14.75],"rotation":270,"texture":"#0"},"east":{"uv":[3,8,3.25,8.25],"rotation":90,"texture":"#0"},"south":{"uv":[3,8,3.25,14.75],"rotation":90,"texture":"#0"},"west":{"uv":[3,14.5,3.25,14.75],"rotation":90,"texture":"#0"},"up":{"uv":[3,8,3.25,14.75],"rotation":90,"texture":"#0"},"down":{"uv":[3,8,3.25,14.75],"rotation":90,"texture":"#0"}}},{"from":[0.25,14,6],"to":[6.5,14.25,7.25],"faces":{"north":{"uv":[3,8.5,2.75,14.75],"rotation":270,"texture":"#0"},"east":{"uv":[2.75,8.5,3,8.75],"rotation":90,"texture":"#0"},"south":{"uv":[2.75,8.5,3,14.75],"rotation":90,"texture":"#0"},"west":{"uv":[2.75,14.5,3,14.75],"rotation":90,"texture":"#0"},"up":{"uv":[2.75,8.5,3,14.75],"rotation":90,"texture":"#0"},"down":{"uv":[2.75,8.5,3,14.75],"rotation":90,"texture":"#0"}}},{"from":[6,11.25,6],"to":[6.5,12,7.25],"faces":{"north":{"uv":[5.75,8.5,5,9],"rotation":270,"texture":"#0"},"east":{"uv":[5,8.5,5.75,8.75],"rotation":90,"texture":"#0"},"south":{"uv":[5,8.5,5.75,9],"rotation":90,"texture":"#0"},"west":{"uv":[5,8.75,5.75,9],"rotation":90,"texture":"#0"},"up":{"uv":[5,8.5,5.25,9],"rotation":90,"texture":"#0"},"down":{"uv":[5.5,8.5,5.75,9],"rotation":90,"texture":"#0"}}},{"from":[6.25,9.5,6],"to":[6.5,9.75,7.25],"faces":{"north":{"uv":[7.5,8.5,7.25,8.75],"rotation":270,"texture":"#0"},"east":{"uv":[7.25,8.5,7.5,8.75],"rotation":90,"texture":"#0"},"south":{"uv":[7.25,8.5,7.5,8.75],"rotation":90,"texture":"#0"},"west":{"uv":[7.25,8.5,7.5,8.75],"rotation":90,"texture":"#0"},"up":{"uv":[7.25,8.5,7.5,8.75],"rotation":90,"texture":"#0"},"down":{"uv":[7.25,8.5,7.5,8.75],"rotation":90,"texture":"#0"}}},{"from":[0.25,14.25,6],"to":[6.25,14.5,7.25],"faces":{"north":{"uv":[2.75,8.75,2.5,14.75],"rotation":270,"texture":"#0"},"east":{"uv":[2.5,8.75,2.75,9],"rotation":90,"texture":"#0"},"south":{"uv":[2.5,8.75,2.75,14.75],"rotation":90,"texture":"#0"},"west":{"uv":[2.5,14.5,2.75,14.75],"rotation":90,"texture":"#0"},"up":{"uv":[2.5,8.75,2.75,14.75],"rotation":90,"texture":"#0"},"down":{"uv":[2.5,8.75,2.75,14.75],"rotation":90,"texture":"#0"}}},{"from":[0,14.5,6],"to":[6,15,7.25],"faces":{"north":{"uv":[2.5,9,2,15],"rotation":270,"texture":"#0"},"east":{"uv":[2,9,2.5,9.25],"rotation":90,"texture":"#0"},"south":{"uv":[2,9,2.5,15],"rotation":90,"texture":"#0"},"west":{"uv":[2,14.75,2.5,15],"rotation":90,"texture":"#0"},"up":{"uv":[2,9,2.25,15],"rotation":90,"texture":"#0"},"down":{"uv":[2.25,9,2.5,15],"rotation":90,"texture":"#0"}}},{"from":[5.75,11.75,6],"to":[6,12,7.25],"faces":{"north":{"uv":[5.25,9,5,9.25],"rotation":270,"texture":"#0"},"east":{"uv":[5,9,5.25,9.25],"rotation":90,"texture":"#0"},"south":{"uv":[5,9,5.25,9.25],"rotation":90,"texture":"#0"},"west":{"uv":[5,9,5.25,9.25],"rotation":90,"texture":"#0"},"up":{"uv":[5,9,5.25,9.25],"rotation":90,"texture":"#0"},"down":{"uv":[5,9,5.25,9.25],"rotation":90,"texture":"#0"}}},{"from":[-0.25,15,6],"to":[5.75,15.25,7.25],"faces":{"north":{"uv":[2,9.25,1.75,15.25],"rotation":270,"texture":"#0"},"east":{"uv":[1.75,9.25,2,9.5],"rotation":90,"texture":"#0"},"south":{"uv":[1.75,9.25,2,15.25],"rotation":90,"texture":"#0"},"west":{"uv":[1.75,15,2,15.25],"rotation":90,"texture":"#0"},"up":{"uv":[1.75,9.25,2,15.25],"rotation":90,"texture":"#0"},"down":{"uv":[1.75,9.25,2,15.25],"rotation":90,"texture":"#0"}}},{"from":[-0.25,15.25,6],"to":[5.5,15.5,7.25],"faces":{"north":{"uv":[1.75,9.5,1.5,15.25],"rotation":270,"texture":"#0"},"east":{"uv":[1.5,9.5,1.75,9.75],"rotation":90,"texture":"#0"},"south":{"uv":[1.5,9.5,1.75,15.25],"rotation":90,"texture":"#0"},"west":{"uv":[1.5,15,1.75,15.25],"rotation":90,"texture":"#0"},"up":{"uv":[1.5,9.5,1.75,15.25],"rotation":90,"texture":"#0"},"down":{"uv":[1.5,9.5,1.75,15.25],"rotation":90,"texture":"#0"}}},{"from":[-0.25,15.5,6],"to":[5.25,15.75,7.25],"faces":{"north":{"uv":[1.5,9.75,1.25,15.25],"rotation":270,"texture":"#0"},"east":{"uv":[1.25,9.75,1.5,10],"rotation":90,"texture":"#0"},"south":{"uv":[1.25,9.75,1.5,15.25],"rotation":90,"texture":"#0"},"west":{"uv":[1.25,15,1.5,15.25],"rotation":90,"texture":"#0"},"up":{"uv":[1.25,9.75,1.5,15.25],"rotation":90,"texture":"#0"},"down":{"uv":[1.25,9.75,1.5,15.25],"rotation":90,"texture":"#0"}}},{"from":[4.75,11.75,6],"to":[5,12,7.25],"faces":{"north":{"uv":[5.25,10,5,10.25],"rotation":270,"texture":"#0"},"east":{"uv":[5,10,5.25,10.25],"rotation":90,"texture":"#0"},"south":{"uv":[5,10,5.25,10.25],"rotation":90,"texture":"#0"},"west":{"uv":[5,10,5.25,10.25],"rotation":90,"texture":"#0"},"up":{"uv":[5,10,5.25,10.25],"rotation":90,"texture":"#0"},"down":{"uv":[5,10,5.25,10.25],"rotation":90,"texture":"#0"}}},{"from":[-0.5,15.75,6],"to":[4.75,16,7.25],"faces":{"north":{"uv":[1.25,10.25,1,15.5],"rotation":270,"texture":"#0"},"east":{"uv":[1,10.25,1.25,10.5],"rotation":90,"texture":"#0"},"south":{"uv":[1,10.25,1.25,15.5],"rotation":90,"texture":"#0"},"west":{"uv":[1,15.25,1.25,15.5],"rotation":90,"texture":"#0"},"up":{"uv":[1,10.25,1.25,15.5],"rotation":90,"texture":"#0"},"down":{"uv":[1,10.25,1.25,15.5],"rotation":90,"texture":"#0"}}},{"from":[4.5,13.25,6],"to":[4.75,13.5,7.25],"faces":{"north":{"uv":[3.75,10.25,3.5,10.5],"rotation":270,"texture":"#0"},"east":{"uv":[3.5,10.25,3.75,10.5],"rotation":90,"texture":"#0"},"south":{"uv":[3.5,10.25,3.75,10.5],"rotation":90,"texture":"#0"},"west":{"uv":[3.5,10.25,3.75,10.5],"rotation":90,"texture":"#0"},"up":{"uv":[3.5,10.25,3.75,10.5],"rotation":90,"texture":"#0"},"down":{"uv":[3.5,10.25,3.75,10.5],"rotation":90,"texture":"#0"}}},{"from":[-0.5,16,6],"to":[4.25,16.25,7.25],"faces":{"north":{"uv":[1,10.75,0.75,15.5],"rotation":270,"texture":"#0"},"east":{"uv":[0.75,10.75,1,11],"rotation":90,"texture":"#0"},"south":{"uv":[0.75,10.75,1,15.5],"rotation":90,"texture":"#0"},"west":{"uv":[0.75,15.25,1,15.5],"rotation":90,"texture":"#0"},"up":{"uv":[0.75,10.75,1,15.5],"rotation":90,"texture":"#0"},"down":{"uv":[0.75,10.75,1,15.5],"rotation":90,"texture":"#0"}}},{"from":[-0.5,16.25,6],"to":[3.25,16.5,7.25],"faces":{"north":{"uv":[0.75,11.75,0.5,15.5],"rotation":270,"texture":"#0"},"east":{"uv":[0.5,11.75,0.75,12],"rotation":90,"texture":"#0"},"south":{"uv":[0.5,11.75,0.75,15.5],"rotation":90,"texture":"#0"},"west":{"uv":[0.5,15.25,0.75,15.5],"rotation":90,"texture":"#0"},"up":{"uv":[0.5,11.75,0.75,15.5],"rotation":90,"texture":"#0"},"down":{"uv":[0.5,11.75,0.75,15.5],"rotation":90,"texture":"#0"}}},{"from":[0.5,13.5,6],"to":[2.25,13.75,7.25],"faces":{"north":{"uv":[3.5,12.75,3.25,14.5],"rotation":270,"texture":"#0"},"east":{"uv":[3.25,12.75,3.5,13],"rotation":90,"texture":"#0"},"south":{"uv":[3.25,12.75,3.5,14.5],"rotation":90,"texture":"#0"},"west":{"uv":[3.25,14.25,3.5,14.5],"rotation":90,"texture":"#0"},"up":{"uv":[3.25,12.75,3.5,14.5],"rotation":90,"texture":"#0"},"down":{"uv":[3.25,12.75,3.5,14.5],"rotation":90,"texture":"#0"}}},{"from":[0.5,13.25,6],"to":[1.5,13.5,7.25],"faces":{"north":{"uv":[3.75,13.5,3.5,14.5],"rotation":270,"texture":"#0"},"east":{"uv":[3.5,13.5,3.75,13.75],"rotation":90,"texture":"#0"},"south":{"uv":[3.5,13.5,3.75,14.5],"rotation":90,"texture":"#0"},"west":{"uv":[3.5,14.25,3.75,14.5],"rotation":90,"texture":"#0"},"up":{"uv":[3.5,13.5,3.75,14.5],"rotation":90,"texture":"#0"},"down":{"uv":[3.5,13.5,3.75,14.5],"rotation":90,"texture":"#0"}}},{"from":[0.5,13,6],"to":[1,13.25,7.25],"faces":{"north":{"uv":[4,14,3.75,14.5],"rotation":270,"texture":"#0"},"east":{"uv":[3.75,14,4,14.25],"rotation":90,"texture":"#0"},"south":{"uv":[3.75,14,4,14.5],"rotation":90,"texture":"#0"},"west":{"uv":[3.75,14.25,4,14.5],"rotation":90,"texture":"#0"},"up":{"uv":[3.75,14,4,14.5],"rotation":90,"texture":"#0"},"down":{"uv":[3.75,14,4,14.5],"rotation":90,"texture":"#0"}}},{"from":[-0.75,16.5,6],"to":[-0.25,16.75,7.25],"faces":{"north":{"uv":[0.5,15.25,0.25,15.75],"rotation":270,"texture":"#0"},"east":{"uv":[0.25,15.25,0.5,15.5],"rotation":90,"texture":"#0"},"south":{"uv":[0.25,15.25,0.5,15.75],"rotation":90,"texture":"#0"},"west":{"uv":[0.25,15.5,0.5,15.75],"rotation":90,"texture":"#0"},"up":{"uv":[0.25,15.25,0.5,15.75],"rotation":90,"texture":"#0"},"down":{"uv":[0.25,15.25,0.5,15.75],"rotation":90,"texture":"#0"}}}],"display":{"thirdperson_righthand":{"rotation":[4,89,19],"translation":[1.25,-1.75,-1.25],"scale":[0.5,0.5,1]},"thirdperson_lefthand":{"rotation":[0,-90,-44],"translation":[-1.25,-1,-1.75],"scale":[0.5,0.5,1]},"firstperson_righthand":{"rotation":[3,90,28],"translation":[-1.25,-0.5,0]},"firstperson_lefthand":{"rotation":[23,-116,0],"translation":[-0.75,0,0.75]},"ground":{"translation":[0,3.25,0]},"gui":{"rotation":[0,-12,16],"translation":[0.75,-1,0],"scale":[0.81,0.98,1.18]},"head":{"rotation":[0,0,43],"translation":[0.75,2,-5.25]},"fixed":{"rotation":[0,1,9],"translation":[0.5,-1,0.75]}},"groups":[{"name":"colt-single-action","origin":[8,8,8],"color":0,"children":[0,1,2,3,4,5,6,7,8,9,10,11,12,13,14,15,16,17,18,19,20,21,22,23,24,25,26,27,28,29,30,31,32,33,34,35,36,37,38,39,40,41,42,43,44,45,46,47,48,49,50,51,52,53,54,55,56,57,58,59,60,61,62,63,64,65,66,67,68,69,70,71,72,73,74,75]}]}