{"credit":"Made with Blockbench","textures":{"1":"block/custom/fishbones"},"elements":[{"from":[3.87132,13.62868,7],"to":[4.37132,14.62868,8.25],"rotation":{"angle":-45,"axis":"z","origin":[0,3,0]},"faces":{"north":{"uv":[10.25,4.25,9.75,5.25],"texture":"#1"},"east":{"uv":[10,4.25,10.25,5.25],"texture":"#1"},"south":{"uv":[9.75,4.25,10.25,5.25],"texture":"#1"},"west":{"uv":[9.75,4.25,10,5.25],"texture":"#1"},"up":{"uv":[9.75,4.25,10.25,4.5],"texture":"#1"},"down":{"uv":[9.75,5,10.25,5.25],"texture":"#1"}}},{"from":[4.37132,14.37868,7],"to":[4.62132,14.62868,8.25],"rotation":{"angle":-45,"axis":"z","origin":[0,3,0]},"faces":{"north":{"uv":[10.5,4.25,10.25,4.5],"texture":"#1"},"east":{"uv":[10.25,4.25,10.5,4.5],"texture":"#1"},"south":{"uv":[10.25,4.25,10.5,4.5],"texture":"#1"},"west":{"uv":[10.25,4.25,10.5,4.5],"texture":"#1"},"up":{"uv":[10.25,4.25,10.5,4.5],"texture":"#1"},"down":{"uv":[10.25,4.25,10.5,4.5],"texture":"#1"}}},{"from":[2.12132,13.37868,7],"to":[2.37132,14.37868,8.25],"rotation":{"angle":-45,"axis":"z","origin":[0,3,0]},"faces":{"north":{"uv":[8.25,4.5,8,5.5],"texture":"#1"},"east":{"uv":[8,4.5,8.25,5.5],"texture":"#1"},"south":{"uv":[8,4.5,8.25,5.5],"texture":"#1"},"west":{"uv":[8,4.5,8.25,5.5],"texture":"#1"},"up":{"uv":[8,4.5,8.25,4.75],"texture":"#1"},"down":{"uv":[8,5.25,8.25,5.5],"texture":"#1"}}},{"from":[5.62132,12.62868,7],"to":[6.37132,14.37868,8.25],"rotation":{"angle":-45,"axis":"z","origin":[0,3,0]},"faces":{"north":{"uv":[12.25,4.5,11.5,6.25],"texture":"#1"},"east":{"uv":[12,4.5,12.25,6.25],"texture":"#1"},"south":{"uv":[11.5,4.5,12.25,6.25],"texture":"#1"},"west":{"uv":[11.5,4.5,11.75,6.25],"texture":"#1"},"up":{"uv":[11.5,4.5,12.25,4.75],"texture":"#1"},"down":{"uv":[11.5,6,12.25,6.25],"texture":"#1"}}},{"from":[6.37132,12.87868,7],"to":[6.87132,14.12868,8.25],"rotation":{"angle":-45,"axis":"z","origin":[0,3,0]},"faces":{"north":{"uv":[12.75,4.75,12.25,6],"texture":"#1"},"east":{"uv":[12.5,4.75,12.75,6],"texture":"#1"},"south":{"uv":[12.25,4.75,12.75,6],"texture":"#1"},"west":{"uv":[12.25,4.75,12.5,6],"texture":"#1"},"up":{"uv":[12.25,4.75,12.75,5],"texture":"#1"},"down":{"uv":[12.25,5.75,12.75,6],"texture":"#1"}}},{"from":[1.87132,7.87868,7],"to":[2.12132,13.87868,8.25],"rotation":{"angle":-45,"axis":"z","origin":[0,3,0]},"faces":{"north":{"uv":[8,5,7.75,11],"texture":"#1"},"east":{"uv":[7.75,5,8,11],"texture":"#1"},"south":{"uv":[7.75,5,8,11],"texture":"#1"},"west":{"uv":[7.75,5,8,11],"texture":"#1"},"up":{"uv":[7.75,5,8,5.25],"texture":"#1"},"down":{"uv":[7.75,10.75,8,11],"texture":"#1"}}},{"from":[3.62132,8.37868,7],"to":[3.87132,13.87868,8.25],"rotation":{"angle":-45,"axis":"z","origin":[0,3,0]},"faces":{"north":{"uv":[9.75,5,9.5,10.5],"texture":"#1"},"east":{"uv":[9.5,5,9.75,10.5],"texture":"#1"},"south":{"uv":[9.5,5,9.75,10.5],"texture":"#1"},"west":{"uv":[9.5,5,9.75,10.5],"texture":"#1"},"up":{"uv":[9.5,5,9.75,5.25],"texture":"#1"},"down":{"uv":[9.5,10.25,9.75,10.5],"texture":"#1"}}},{"from":[6.87132,12.87868,7],"to":[7.37132,13.87868,8.25],"rotation":{"angle":-45,"axis":"z","origin":[0,3,0]},"faces":{"north":{"uv":[13.25,5,12.75,6],"texture":"#1"},"east":{"uv":[13,5,13.25,6],"texture":"#1"},"south":{"uv":[12.75,5,13.25,6],"texture":"#1"},"west":{"uv":[12.75,5,13,6],"texture":"#1"},"up":{"uv":[12.75,5,13.25,5.25],"texture":"#1"},"down":{"uv":[12.75,5.75,13.25,6],"texture":"#1"}}},{"from":[0.37132,12.62868,7],"to":[0.62132,13.62868,8.25],"rotation":{"angle":-45,"axis":"z","origin":[0,3,0]},"faces":{"north":{"uv":[6.5,5.25,6.25,6.25],"texture":"#1"},"east":{"uv":[6.25,5.25,6.5,6.25],"texture":"#1"},"south":{"uv":[6.25,5.25,6.5,6.25],"texture":"#1"},"west":{"uv":[6.25,5.25,6.5,6.25],"texture":"#1"},"up":{"uv":[6.25,5.25,6.5,5.5],"texture":"#1"},"down":{"uv":[6.25,6,6.5,6.25],"texture":"#1"}}},{"from":[3.87132,12.37868,7],"to":[4.12132,13.62868,8.25],"rotation":{"angle":-45,"axis":"z","origin":[0,3,0]},"faces":{"north":{"uv":[10,5.25,9.75,6.5],"texture":"#1"},"east":{"uv":[9.75,5.25,10,6.5],"texture":"#1"},"south":{"uv":[9.75,5.25,10,6.5],"texture":"#1"},"west":{"uv":[9.75,5.25,10,6.5],"texture":"#1"},"up":{"uv":[9.75,5.25,10,5.5],"texture":"#1"},"down":{"uv":[9.75,6.25,10,6.5],"texture":"#1"}}},{"from":[5.37132,8.87868,7],"to":[5.62132,13.62868,8.25],"rotation":{"angle":-45,"axis":"z","origin":[0,3,0]},"faces":{"north":{"uv":[11.5,5.25,11.25,10],"texture":"#1"},"east":{"uv":[11.25,5.25,11.5,10],"texture":"#1"},"south":{"uv":[11.25,5.25,11.5,10],"texture":"#1"},"west":{"uv":[11.25,5.25,11.5,10],"texture":"#1"},"up":{"uv":[11.25,5.25,11.5,5.5],"texture":"#1"},"down":{"uv":[11.25,9.75,11.5,10],"texture":"#1"}}},{"from":[7.37132,12.62868,7],"to":[7.87132,13.62868,8.25],"rotation":{"angle":-45,"axis":"z","origin":[0,3,0]},"faces":{"north":{"uv":[13.75,5.25,13.25,6.25],"texture":"#1"},"east":{"uv":[13.5,5.25,13.75,6.25],"texture":"#1"},"south":{"uv":[13.25,5.25,13.75,6.25],"texture":"#1"},"west":{"uv":[13.25,5.25,13.5,6.25],"texture":"#1"},"up":{"uv":[13.25,5.25,13.75,5.5],"texture":"#1"},"down":{"uv":[13.25,6,13.75,6.25],"texture":"#1"}}},{"from":[7.87132,8.62868,7],"to":[8.12132,13.37868,8.25],"rotation":{"angle":-45,"axis":"z","origin":[0,3,0]},"faces":{"north":{"uv":[14,5.5,13.75,10.25],"texture":"#1"},"east":{"uv":[13.75,5.5,14,10.25],"texture":"#1"},"south":{"uv":[13.75,5.5,14,10.25],"texture":"#1"},"west":{"uv":[13.75,5.5,14,10.25],"texture":"#1"},"up":{"uv":[13.75,5.5,14,5.75],"texture":"#1"},"down":{"uv":[13.75,10,14,10.25],"texture":"#1"}}},{"from":[0.12132,9.12868,7],"to":[0.37132,13.12868,8.25],"rotation":{"angle":-45,"axis":"z","origin":[0,3,0]},"faces":{"north":{"uv":[6.25,5.75,6,9.75],"texture":"#1"},"east":{"uv":[6,5.75,6.25,9.75],"texture":"#1"},"south":{"uv":[6,5.75,6.25,9.75],"texture":"#1"},"west":{"uv":[6,5.75,6.25,9.75],"texture":"#1"},"up":{"uv":[6,5.75,6.25,6],"texture":"#1"},"down":{"uv":[6,9.5,6.25,9.75],"texture":"#1"}}},{"from":[8.12132,8.62868,7],"to":[8.37132,13.12868,8.25],"rotation":{"angle":-45,"axis":"z","origin":[0,3,0]},"faces":{"north":{"uv":[14.25,5.75,14,10.25],"texture":"#1"},"east":{"uv":[14,5.75,14.25,10.25],"texture":"#1"},"south":{"uv":[14,5.75,14.25,10.25],"texture":"#1"},"west":{"uv":[14,5.75,14.25,10.25],"texture":"#1"},"up":{"uv":[14,5.75,14.25,6],"texture":"#1"},"down":{"uv":[14,10,14.25,10.25],"texture":"#1"}}},{"from":[-5.62868,12.12868,7],"to":[-4.12868,12.87868,8.25],"rotation":{"angle":-45,"axis":"z","origin":[0,3,0]},"faces":{"north":{"uv":[1.75,6,0.25,6.75],"texture":"#1"},"east":{"uv":[1.5,6,1.75,6.75],"texture":"#1"},"south":{"uv":[0.25,6,1.75,6.75],"texture":"#1"},"west":{"uv":[0.25,6,0.5,6.75],"texture":"#1"},"up":{"uv":[0.25,6,1.75,6.25],"texture":"#1"},"down":{"uv":[0.25,6.5,1.75,6.75],"texture":"#1"}}},{"from":[1.62132,9.12868,7],"to":[1.87132,12.87868,8.25],"rotation":{"angle":-45,"axis":"z","origin":[0,3,0]},"faces":{"north":{"uv":[7.75,6,7.5,9.75],"texture":"#1"},"east":{"uv":[7.5,6,7.75,9.75],"texture":"#1"},"south":{"uv":[7.5,6,7.75,9.75],"texture":"#1"},"west":{"uv":[7.5,6,7.75,9.75],"texture":"#1"},"up":{"uv":[7.5,6,7.75,6.25],"texture":"#1"},"down":{"uv":[7.5,9.5,7.75,9.75],"texture":"#1"}}},{"from":[3.37132,9.62868,7],"to":[3.62132,12.87868,8.25],"rotation":{"angle":-45,"axis":"z","origin":[0,3,0]},"faces":{"north":{"uv":[9.5,6,9.25,9.25],"texture":"#1"},"east":{"uv":[9.25,6,9.5,9.25],"texture":"#1"},"south":{"uv":[9.25,6,9.5,9.25],"texture":"#1"},"west":{"uv":[9.25,6,9.5,9.25],"texture":"#1"},"up":{"uv":[9.25,6,9.5,6.25],"texture":"#1"},"down":{"uv":[9.25,9,9.5,9.25],"texture":"#1"}}},{"from":[5.12132,9.87868,7],"to":[5.37132,12.87868,8.25],"rotation":{"angle":-45,"axis":"z","origin":[0,3,0]},"faces":{"north":{"uv":[11.25,6,11,9],"texture":"#1"},"east":{"uv":[11,6,11.25,9],"texture":"#1"},"south":{"uv":[11,6,11.25,9],"texture":"#1"},"west":{"uv":[11,6,11.25,9],"texture":"#1"},"up":{"uv":[11,6,11.25,6.25],"texture":"#1"},"down":{"uv":[11,8.75,11.25,9],"texture":"#1"}}},{"from":[6.37132,12.62868,7],"to":[6.62132,12.87868,8.25],"rotation":{"angle":-45,"axis":"z","origin":[0,3,0]},"faces":{"north":{"uv":[12.5,6,12.25,6.25],"texture":"#1"},"east":{"uv":[12.25,6,12.5,6.25],"texture":"#1"},"south":{"uv":[12.25,6,12.5,6.25],"texture":"#1"},"west":{"uv":[12.25,6,12.5,6.25],"texture":"#1"},"up":{"uv":[12.25,6,12.5,6.25],"texture":"#1"},"down":{"uv":[12.25,6,12.5,6.25],"texture":"#1"}}},{"from":[8.37132,9.12868,7],"to":[8.62132,12.87868,8.25],"rotation":{"angle":-45,"axis":"z","origin":[0,3,0]},"faces":{"north":{"uv":[14.5,6,14.25,9.75],"texture":"#1"},"east":{"uv":[14.25,6,14.5,9.75],"texture":"#1"},"south":{"uv":[14.25,6,14.5,9.75],"texture":"#1"},"west":{"uv":[14.25,6,14.5,9.75],"texture":"#1"},"up":{"uv":[14.25,6,14.5,6.25],"texture":"#1"},"down":{"uv":[14.25,9.5,14.5,9.75],"texture":"#1"}}},{"from":[-4.12868,8.37868,7],"to":[-3.62868,12.62868,8.25],"rotation":{"angle":-45,"axis":"z","origin":[0,3,0]},"faces":{"north":{"uv":[2.25,6.25,1.75,10.5],"texture":"#1"},"east":{"uv":[2,6.25,2.25,10.5],"texture":"#1"},"south":{"uv":[1.75,6.25,2.25,10.5],"texture":"#1"},"west":{"uv":[1.75,6.25,2,10.5],"texture":"#1"},"up":{"uv":[1.75,6.25,2.25,6.5],"texture":"#1"},"down":{"uv":[1.75,10.25,2.25,10.5],"texture":"#1"}}},{"from":[-1.12868,11.87868,7],"to":[-0.87868,12.62868,8.25],"rotation":{"angle":-45,"axis":"z","origin":[0,3,0]},"faces":{"north":{"uv":[5,6.25,4.75,7],"texture":"#1"},"east":{"uv":[4.75,6.25,5,7],"texture":"#1"},"south":{"uv":[4.75,6.25,5,7],"texture":"#1"},"west":{"uv":[4.75,6.25,5,7],"texture":"#1"},"up":{"uv":[4.75,6.25,5,6.5],"texture":"#1"},"down":{"uv":[4.75,6.75,5,7],"texture":"#1"}}},{"from":[5.62132,12.12868,7],"to":[6.12132,12.62868,8.25],"rotation":{"angle":-45,"axis":"z","origin":[0,3,0]},"faces":{"north":{"uv":[12,6.25,11.5,6.75],"texture":"#1"},"east":{"uv":[11.75,6.25,12,6.75],"texture":"#1"},"south":{"uv":[11.5,6.25,12,6.75],"texture":"#1"},"west":{"uv":[11.5,6.25,11.75,6.75],"texture":"#1"},"up":{"uv":[11.5,6.25,12,6.5],"texture":"#1"},"down":{"uv":[11.5,6.5,12,6.75],"texture":"#1"}}},{"from":[7.62132,12.37868,7],"to":[7.87132,12.62868,8.25],"rotation":{"angle":-45,"axis":"z","origin":[0,3,0]},"faces":{"north":{"uv":[13.75,6.25,13.5,6.5],"texture":"#1"},"east":{"uv":[13.5,6.25,13.75,6.5],"texture":"#1"},"south":{"uv":[13.5,6.25,13.75,6.5],"texture":"#1"},"west":{"uv":[13.5,6.25,13.75,6.5],"texture":"#1"},"up":{"uv":[13.5,6.25,13.75,6.5],"texture":"#1"},"down":{"uv":[13.5,6.25,13.75,6.5],"texture":"#1"}}},{"from":[8.62132,9.37868,7],"to":[8.87132,12.62868,8.25],"rotation":{"angle":-45,"axis":"z","origin":[0,3,0]},"faces":{"north":{"uv":[14.75,6.25,14.5,9.5],"texture":"#1"},"east":{"uv":[14.5,6.25,14.75,9.5],"texture":"#1"},"south":{"uv":[14.5,6.25,14.75,9.5],"texture":"#1"},"west":{"uv":[14.5,6.25,14.75,9.5],"texture":"#1"},"up":{"uv":[14.5,6.25,14.75,6.5],"texture":"#1"},"down":{"uv":[14.5,9.25,14.75,9.5],"texture":"#1"}}},{"from":[-3.62868,8.62868,7],"to":[-3.37868,12.37868,8.25],"rotation":{"angle":-45,"axis":"z","origin":[0,3,0]},"faces":{"north":{"uv":[2.5,6.5,2.25,10.25],"texture":"#1"},"east":{"uv":[2.25,6.5,2.5,10.25],"texture":"#1"},"south":{"uv":[2.25,6.5,2.5,10.25],"texture":"#1"},"west":{"uv":[2.25,6.5,2.5,10.25],"texture":"#1"},"up":{"uv":[2.25,6.5,2.5,6.75],"texture":"#1"},"down":{"uv":[2.25,10,2.5,10.25],"texture":"#1"}}},{"from":[8.87132,9.62868,7],"to":[9.12132,12.37868,8.25],"rotation":{"angle":-45,"axis":"z","origin":[0,3,0]},"faces":{"north":{"uv":[15,6.5,14.75,9.25],"texture":"#1"},"east":{"uv":[14.75,6.5,15,9.25],"texture":"#1"},"south":{"uv":[14.75,6.5,15,9.25],"texture":"#1"},"west":{"uv":[14.75,6.5,15,9.25],"texture":"#1"},"up":{"uv":[14.75,6.5,15,6.75],"texture":"#1"},"down":{"uv":[14.75,9,15,9.25],"texture":"#1"}}},{"from":[-5.37868,11.62868,7],"to":[-4.12868,12.12868,8.25],"rotation":{"angle":-45,"axis":"z","origin":[0,3,0]},"faces":{"north":{"uv":[1.75,6.75,0.5,7.25],"texture":"#1"},"east":{"uv":[1.5,6.75,1.75,7.25],"texture":"#1"},"south":{"uv":[0.5,6.75,1.75,7.25],"texture":"#1"},"west":{"uv":[0.5,6.75,0.75,7.25],"texture":"#1"},"up":{"uv":[0.5,6.75,1.75,7],"texture":"#1"},"down":{"uv":[0.5,7,1.75,7.25],"texture":"#1"}}},{"from":[-3.37868,8.87868,7],"to":[-3.12868,12.12868,8.25],"rotation":{"angle":-45,"axis":"z","origin":[0,3,0]},"faces":{"north":{"uv":[2.75,6.75,2.5,10],"texture":"#1"},"east":{"uv":[2.5,6.75,2.75,10],"texture":"#1"},"south":{"uv":[2.5,6.75,2.75,10],"texture":"#1"},"west":{"uv":[2.5,6.75,2.75,10],"texture":"#1"},"up":{"uv":[2.5,6.75,2.75,7],"texture":"#1"},"down":{"uv":[2.5,9.75,2.75,10],"texture":"#1"}}},{"from":[-1.37868,9.87868,7],"to":[-1.12868,12.12868,8.25],"rotation":{"angle":-45,"axis":"z","origin":[0,3,0]},"faces":{"north":{"uv":[4.75,6.75,4.5,9],"texture":"#1"},"east":{"uv":[4.5,6.75,4.75,9],"texture":"#1"},"south":{"uv":[4.5,6.75,4.75,9],"texture":"#1"},"west":{"uv":[4.5,6.75,4.75,9],"texture":"#1"},"up":{"uv":[4.5,6.75,4.75,7],"texture":"#1"},"down":{"uv":[4.5,8.75,4.75,9],"texture":"#1"}}},{"from":[5.62132,8.12868,7],"to":[5.87132,12.12868,8.25],"rotation":{"angle":-45,"axis":"z","origin":[0,3,0]},"faces":{"north":{"uv":[11.75,6.75,11.5,10.75],"texture":"#1"},"east":{"uv":[11.5,6.75,11.75,10.75],"texture":"#1"},"south":{"uv":[11.5,6.75,11.75,10.75],"texture":"#1"},"west":{"uv":[11.5,6.75,11.75,10.75],"texture":"#1"},"up":{"uv":[11.5,6.75,11.75,7],"texture":"#1"},"down":{"uv":[11.5,10.5,11.75,10.75],"texture":"#1"}}},{"from":[9.12132,10.12868,7],"to":[9.37132,12.12868,8.25],"rotation":{"angle":-45,"axis":"z","origin":[0,3,0]},"faces":{"north":{"uv":[15.25,6.75,15,8.75],"texture":"#1"},"east":{"uv":[15,6.75,15.25,8.75],"texture":"#1"},"south":{"uv":[15,6.75,15.25,8.75],"texture":"#1"},"west":{"uv":[15,6.75,15.25,8.75],"texture":"#1"},"up":{"uv":[15,6.75,15.25,7],"texture":"#1"},"down":{"uv":[15,8.5,15.25,8.75],"texture":"#1"}}},{"from":[-3.12868,9.12868,7],"to":[-2.87868,11.87868,8.25],"rotation":{"angle":-45,"axis":"z","origin":[0,3,0]},"faces":{"north":{"uv":[3,7,2.75,9.75],"texture":"#1"},"east":{"uv":[2.75,7,3,9.75],"texture":"#1"},"south":{"uv":[2.75,7,3,9.75],"texture":"#1"},"west":{"uv":[2.75,7,3,9.75],"texture":"#1"},"up":{"uv":[2.75,7,3,7.25],"texture":"#1"},"down":{"uv":[2.75,9.5,3,9.75],"texture":"#1"}}},{"from":[9.37132,10.37868,7],"to":[9.62132,11.87868,8.25],"rotation":{"angle":-45,"axis":"z","origin":[0,3,0]},"faces":{"north":{"uv":[15.5,7,15.25,8.5],"texture":"#1"},"east":{"uv":[15.25,7,15.5,8.5],"texture":"#1"},"south":{"uv":[15.25,7,15.5,8.5],"texture":"#1"},"west":{"uv":[15.25,7,15.5,8.5],"texture":"#1"},"up":{"uv":[15.25,7,15.5,7.25],"texture":"#1"},"down":{"uv":[15.25,8.25,15.5,8.5],"texture":"#1"}}},{"from":[-5.12868,11.37868,7],"to":[-4.12868,11.62868,8.25],"rotation":{"angle":-45,"axis":"z","origin":[0,3,0]},"faces":{"north":{"uv":[1.75,7.25,0.75,7.5],"texture":"#1"},"east":{"uv":[1.5,7.25,1.75,7.5],"texture":"#1"},"south":{"uv":[0.75,7.25,1.75,7.5],"texture":"#1"},"west":{"uv":[0.75,7.25,1,7.5],"texture":"#1"},"up":{"uv":[0.75,7.25,1.75,7.5],"texture":"#1"},"down":{"uv":[0.75,7.25,1.75,7.5],"texture":"#1"}}},{"from":[-2.87868,9.37868,7],"to":[-2.62868,11.62868,8.25],"rotation":{"angle":-45,"axis":"z","origin":[0,3,0]},"faces":{"north":{"uv":[3.25,7.25,3,9.5],"texture":"#1"},"east":{"uv":[3,7.25,3.25,9.5],"texture":"#1"},"south":{"uv":[3,7.25,3.25,9.5],"texture":"#1"},"west":{"uv":[3,7.25,3.25,9.5],"texture":"#1"},"up":{"uv":[3,7.25,3.25,7.5],"texture":"#1"},"down":{"uv":[3,9.25,3.25,9.5],"texture":"#1"}}},{"from":[5.87132,7.62868,7],"to":[6.12132,11.62868,8.25],"rotation":{"angle":-45,"axis":"z","origin":[0,3,0]},"faces":{"north":{"uv":[12,7.25,11.75,11.25],"texture":"#1"},"east":{"uv":[11.75,7.25,12,11.25],"texture":"#1"},"south":{"uv":[11.75,7.25,12,11.25],"texture":"#1"},"west":{"uv":[11.75,7.25,12,11.25],"texture":"#1"},"up":{"uv":[11.75,7.25,12,7.5],"texture":"#1"},"down":{"uv":[11.75,11,12,11.25],"texture":"#1"}}},{"from":[9.62132,11.12868,7],"to":[9.87132,11.62868,8.25],"rotation":{"angle":-45,"axis":"z","origin":[0,3,0]},"faces":{"north":{"uv":[15.75,7.25,15.5,7.75],"texture":"#1"},"east":{"uv":[15.5,7.25,15.75,7.75],"texture":"#1"},"south":{"uv":[15.5,7.25,15.75,7.75],"texture":"#1"},"west":{"uv":[15.5,7.25,15.75,7.75],"texture":"#1"},"up":{"uv":[15.5,7.25,15.75,7.5],"texture":"#1"},"down":{"uv":[15.5,7.5,15.75,7.75],"texture":"#1"}}},{"from":[-4.62868,11.12868,7],"to":[-4.12868,11.37868,8.25],"rotation":{"angle":-45,"axis":"z","origin":[0,3,0]},"faces":{"north":{"uv":[1.75,7.5,1.25,7.75],"texture":"#1"},"east":{"uv":[1.5,7.5,1.75,7.75],"texture":"#1"},"south":{"uv":[1.25,7.5,1.75,7.75],"texture":"#1"},"west":{"uv":[1.25,7.5,1.5,7.75],"texture":"#1"},"up":{"uv":[1.25,7.5,1.75,7.75],"texture":"#1"},"down":{"uv":[1.25,7.5,1.75,7.75],"texture":"#1"}}},{"from":[-2.62868,9.87868,7],"to":[-2.37868,11.37868,8.25],"rotation":{"angle":-45,"axis":"z","origin":[0,3,0]},"faces":{"north":{"uv":[3.5,7.5,3.25,9],"texture":"#1"},"east":{"uv":[3.25,7.5,3.5,9],"texture":"#1"},"south":{"uv":[3.25,7.5,3.5,9],"texture":"#1"},"west":{"uv":[3.25,7.5,3.5,9],"texture":"#1"},"up":{"uv":[3.25,7.5,3.5,7.75],"texture":"#1"},"down":{"uv":[3.25,8.75,3.5,9],"texture":"#1"}}},{"from":[0.87132,10.62868,7],"to":[1.62132,11.37868,8.25],"rotation":{"angle":-45,"axis":"z","origin":[0,3,0]},"faces":{"north":{"uv":[7.5,7.5,6.75,8.25],"texture":"#1"},"east":{"uv":[7.25,7.5,7.5,8.25],"texture":"#1"},"south":{"uv":[6.75,7.5,7.5,8.25],"texture":"#1"},"west":{"uv":[6.75,7.5,7,8.25],"texture":"#1"},"up":{"uv":[6.75,7.5,7.5,7.75],"texture":"#1"},"down":{"uv":[6.75,8,7.5,8.25],"texture":"#1"}}},{"from":[2.12132,10.87868,7],"to":[3.37132,11.37868,8.25],"rotation":{"angle":-45,"axis":"z","origin":[0,3,0]},"faces":{"north":{"uv":[9.25,7.5,8,8],"texture":"#1"},"east":{"uv":[9,7.5,9.25,8],"texture":"#1"},"south":{"uv":[8,7.5,9.25,8],"texture":"#1"},"west":{"uv":[8,7.5,8.25,8],"texture":"#1"},"up":{"uv":[8,7.5,9.25,7.75],"texture":"#1"},"down":{"uv":[8,7.75,9.25,8],"texture":"#1"}}},{"from":[3.87132,10.87868,7],"to":[5.12132,11.37868,8.25],"rotation":{"angle":-45,"axis":"z","origin":[0,3,0]},"faces":{"north":{"uv":[11,7.5,9.75,8],"texture":"#1"},"east":{"uv":[10.75,7.5,11,8],"texture":"#1"},"south":{"uv":[9.75,7.5,11,8],"texture":"#1"},"west":{"uv":[9.75,7.5,10,8],"texture":"#1"},"up":{"uv":[9.75,7.5,11,7.75],"texture":"#1"},"down":{"uv":[9.75,7.75,11,8],"texture":"#1"}}},{"from":[7.62132,8.37868,7],"to":[7.87132,11.37868,8.25],"rotation":{"angle":-45,"axis":"z","origin":[0,3,0]},"faces":{"north":{"uv":[13.75,7.5,13.5,10.5],"texture":"#1"},"east":{"uv":[13.5,7.5,13.75,10.5],"texture":"#1"},"south":{"uv":[13.5,7.5,13.75,10.5],"texture":"#1"},"west":{"uv":[13.5,7.5,13.75,10.5],"texture":"#1"},"up":{"uv":[13.5,7.5,13.75,7.75],"texture":"#1"},"down":{"uv":[13.5,10.25,13.75,10.5],"texture":"#1"}}},{"from":[-4.37868,10.87868,7],"to":[-4.12868,11.12868,8.25],"rotation":{"angle":-45,"axis":"z","origin":[0,3,0]},"faces":{"north":{"uv":[1.75,7.75,1.5,8],"texture":"#1"},"east":{"uv":[1.5,7.75,1.75,8],"texture":"#1"},"south":{"uv":[1.5,7.75,1.75,8],"texture":"#1"},"west":{"uv":[1.5,7.75,1.75,8],"texture":"#1"},"up":{"uv":[1.5,7.75,1.75,8],"texture":"#1"},"down":{"uv":[1.5,7.75,1.75,8],"texture":"#1"}}},{"from":[-1.12868,10.62868,7],"to":[0.12132,11.12868,8.25],"rotation":{"angle":-45,"axis":"z","origin":[0,3,0]},"faces":{"north":{"uv":[6,7.75,4.75,8.25],"texture":"#1"},"east":{"uv":[5.75,7.75,6,8.25],"texture":"#1"},"south":{"uv":[4.75,7.75,6,8.25],"texture":"#1"},"west":{"uv":[4.75,7.75,5,8.25],"texture":"#1"},"up":{"uv":[4.75,7.75,6,8],"texture":"#1"},"down":{"uv":[4.75,8,6,8.25],"texture":"#1"}}},{"from":[0.37132,10.62868,7],"to":[0.87132,11.12868,8.25],"rotation":{"angle":-45,"axis":"z","origin":[0,3,0]},"faces":{"north":{"uv":[6.75,7.75,6.25,8.25],"texture":"#1"},"east":{"uv":[6.5,7.75,6.75,8.25],"texture":"#1"},"south":{"uv":[6.25,7.75,6.75,8.25],"texture":"#1"},"west":{"uv":[6.25,7.75,6.5,8.25],"texture":"#1"},"up":{"uv":[6.25,7.75,6.75,8],"texture":"#1"},"down":{"uv":[6.25,8,6.75,8.25],"texture":"#1"}}},{"from":[6.12132,7.62868,7],"to":[6.62132,11.12868,8.25],"rotation":{"angle":-45,"axis":"z","origin":[0,3,0]},"faces":{"north":{"uv":[12.5,7.75,12,11.25],"texture":"#1"},"east":{"uv":[12.25,7.75,12.5,11.25],"texture":"#1"},"south":{"uv":[12,7.75,12.5,11.25],"texture":"#1"},"west":{"uv":[12,7.75,12.25,11.25],"texture":"#1"},"up":{"uv":[12,7.75,12.5,8],"texture":"#1"},"down":{"uv":[12,11,12.5,11.25],"texture":"#1"}}},{"from":[7.12132,8.12868,7],"to":[7.62132,11.12868,8.25],"rotation":{"angle":-45,"axis":"z","origin":[0,3,0]},"faces":{"north":{"uv":[13.5,7.75,13,10.75],"texture":"#1"},"east":{"uv":[13.25,7.75,13.5,10.75],"texture":"#1"},"south":{"uv":[13,7.75,13.5,10.75],"texture":"#1"},"west":{"uv":[13,7.75,13.25,10.75],"texture":"#1"},"up":{"uv":[13,7.75,13.5,8],"texture":"#1"},"down":{"uv":[13,10.5,13.5,10.75],"texture":"#1"}}},{"from":[-2.37868,10.37868,7],"to":[-1.37868,10.87868,8.25],"rotation":{"angle":-45,"axis":"z","origin":[0,3,0]},"faces":{"north":{"uv":[4.5,8,3.5,8.5],"texture":"#1"},"east":{"uv":[4.25,8,4.5,8.5],"texture":"#1"},"south":{"uv":[3.5,8,4.5,8.5],"texture":"#1"},"west":{"uv":[3.5,8,3.75,8.5],"texture":"#1"},"up":{"uv":[3.5,8,4.5,8.25],"texture":"#1"},"down":{"uv":[3.5,8.25,4.5,8.5],"texture":"#1"}}},{"from":[6.62132,7.62868,7],"to":[7.12132,10.87868,8.25],"rotation":{"angle":-45,"axis":"z","origin":[0,3,0]},"faces":{"north":{"uv":[13,8,12.5,11.25],"texture":"#1"},"east":{"uv":[12.75,8,13,11.25],"texture":"#1"},"south":{"uv":[12.5,8,13,11.25],"texture":"#1"},"west":{"uv":[12.5,8,12.75,11.25],"texture":"#1"},"up":{"uv":[12.5,8,13,8.25],"texture":"#1"},"down":{"uv":[12.5,11,13,11.25],"texture":"#1"}}},{"from":[-4.37868,8.37868,7],"to":[-4.12868,10.62868,8.25],"rotation":{"angle":-45,"axis":"z","origin":[0,3,0]},"faces":{"north":{"uv":[1.75,8.25,1.5,10.5],"texture":"#1"},"east":{"uv":[1.5,8.25,1.75,10.5],"texture":"#1"},"south":{"uv":[1.5,8.25,1.75,10.5],"texture":"#1"},"west":{"uv":[1.5,8.25,1.75,10.5],"texture":"#1"},"up":{"uv":[1.5,8.25,1.75,8.5],"texture":"#1"},"down":{"uv":[1.5,10.25,1.75,10.5],"texture":"#1"}}},{"from":[-1.12868,10.37868,7],"to":[-0.87868,10.62868,8.25],"rotation":{"angle":-45,"axis":"z","origin":[0,3,0]},"faces":{"north":{"uv":[5,8.25,4.75,8.5],"texture":"#1"},"east":{"uv":[4.75,8.25,5,8.5],"texture":"#1"},"south":{"uv":[4.75,8.25,5,8.5],"texture":"#1"},"west":{"uv":[4.75,8.25,5,8.5],"texture":"#1"},"up":{"uv":[4.75,8.25,5,8.5],"texture":"#1"},"down":{"uv":[4.75,8.25,5,8.5],"texture":"#1"}}},{"from":[-4.62868,8.12868,7],"to":[-4.37868,10.37868,8.25],"rotation":{"angle":-45,"axis":"z","origin":[0,3,0]},"faces":{"north":{"uv":[1.5,8.5,1.25,10.75],"texture":"#1"},"east":{"uv":[1.25,8.5,1.5,10.75],"texture":"#1"},"south":{"uv":[1.25,8.5,1.5,10.75],"texture":"#1"},"west":{"uv":[1.25,8.5,1.5,10.75],"texture":"#1"},"up":{"uv":[1.25,8.5,1.5,8.75],"texture":"#1"},"down":{"uv":[1.25,10.5,1.5,10.75],"texture":"#1"}}},{"from":[-1.12868,8.87868,7],"to":[-0.87868,10.12868,8.25],"rotation":{"angle":-45,"axis":"z","origin":[0,3,0]},"faces":{"north":{"uv":[5,8.75,4.75,10],"texture":"#1"},"east":{"uv":[4.75,8.75,5,10],"texture":"#1"},"south":{"uv":[4.75,8.75,5,10],"texture":"#1"},"west":{"uv":[4.75,8.75,5,10],"texture":"#1"},"up":{"uv":[4.75,8.75,5,9],"texture":"#1"},"down":{"uv":[4.75,9.75,5,10],"texture":"#1"}}},{"from":[-4.87868,8.12868,7],"to":[-4.62868,9.87868,8.25],"rotation":{"angle":-45,"axis":"z","origin":[0,3,0]},"faces":{"north":{"uv":[1.25,9,1,10.75],"texture":"#1"},"east":{"uv":[1,9,1.25,10.75],"texture":"#1"},"south":{"uv":[1,9,1.25,10.75],"texture":"#1"},"west":{"uv":[1,9,1.25,10.75],"texture":"#1"},"up":{"uv":[1,9,1.25,9.25],"texture":"#1"},"down":{"uv":[1,10.5,1.25,10.75],"texture":"#1"}}},{"from":[3.87132,7.62868,7],"to":[4.12132,9.87868,8.25],"rotation":{"angle":-45,"axis":"z","origin":[0,3,0]},"faces":{"north":{"uv":[10,9,9.75,11.25],"texture":"#1"},"east":{"uv":[9.75,9,10,11.25],"texture":"#1"},"south":{"uv":[9.75,9,10,11.25],"texture":"#1"},"west":{"uv":[9.75,9,10,11.25],"texture":"#1"},"up":{"uv":[9.75,9,10,9.25],"texture":"#1"},"down":{"uv":[9.75,11,10,11.25],"texture":"#1"}}},{"from":[-5.12868,8.12868,7],"to":[-4.87868,9.37868,8.25],"rotation":{"angle":-45,"axis":"z","origin":[0,3,0]},"faces":{"north":{"uv":[1,9.5,0.75,10.75],"texture":"#1"},"east":{"uv":[0.75,9.5,1,10.75],"texture":"#1"},"south":{"uv":[0.75,9.5,1,10.75],"texture":"#1"},"west":{"uv":[0.75,9.5,1,10.75],"texture":"#1"},"up":{"uv":[0.75,9.5,1,9.75],"texture":"#1"},"down":{"uv":[0.75,10.5,1,10.75],"texture":"#1"}}},{"from":[0.37132,8.12868,7],"to":[0.62132,9.12868,8.25],"rotation":{"angle":-45,"axis":"z","origin":[0,3,0]},"faces":{"north":{"uv":[6.5,9.75,6.25,10.75],"texture":"#1"},"east":{"uv":[6.25,9.75,6.5,10.75],"texture":"#1"},"south":{"uv":[6.25,9.75,6.5,10.75],"texture":"#1"},"west":{"uv":[6.25,9.75,6.5,10.75],"texture":"#1"},"up":{"uv":[6.25,9.75,6.5,10],"texture":"#1"},"down":{"uv":[6.25,10.5,6.5,10.75],"texture":"#1"}}},{"from":[2.12132,7.37868,7],"to":[2.37132,8.87868,8.25],"rotation":{"angle":-45,"axis":"z","origin":[0,3,0]},"faces":{"north":{"uv":[8.25,10,8,11.5],"texture":"#1"},"east":{"uv":[8,10,8.25,11.5],"texture":"#1"},"south":{"uv":[8,10,8.25,11.5],"texture":"#1"},"west":{"uv":[8,10,8.25,11.5],"texture":"#1"},"up":{"uv":[8,10,8.25,10.25],"texture":"#1"},"down":{"uv":[8,11.25,8.25,11.5],"texture":"#1"}}},{"from":[4.12132,7.12868,7],"to":[4.37132,8.87868,8.25],"rotation":{"angle":-45,"axis":"z","origin":[0,3,0]},"faces":{"north":{"uv":[10.25,10,10,11.75],"texture":"#1"},"east":{"uv":[10,10,10.25,11.75],"texture":"#1"},"south":{"uv":[10,10,10.25,11.75],"texture":"#1"},"west":{"uv":[10,10,10.25,11.75],"texture":"#1"},"up":{"uv":[10,10,10.25,10.25],"texture":"#1"},"down":{"uv":[10,11.5,10.25,11.75],"texture":"#1"}}},{"from":[-5.37868,8.12868,7],"to":[-5.12868,8.62868,8.25],"rotation":{"angle":-45,"axis":"z","origin":[0,3,0]},"faces":{"north":{"uv":[0.75,10.25,0.5,10.75],"texture":"#1"},"east":{"uv":[0.5,10.25,0.75,10.75],"texture":"#1"},"south":{"uv":[0.5,10.25,0.75,10.75],"texture":"#1"},"west":{"uv":[0.5,10.25,0.75,10.75],"texture":"#1"},"up":{"uv":[0.5,10.25,0.75,10.5],"texture":"#1"},"down":{"uv":[0.5,10.5,0.75,10.75],"texture":"#1"}}},{"from":[7.12132,7.87868,7],"to":[7.37132,8.12868,8.25],"rotation":{"angle":-45,"axis":"z","origin":[0,3,0]},"faces":{"north":{"uv":[13.25,10.75,13,11],"texture":"#1"},"east":{"uv":[13,10.75,13.25,11],"texture":"#1"},"south":{"uv":[13,10.75,13.25,11],"texture":"#1"},"west":{"uv":[13,10.75,13.25,11],"texture":"#1"},"up":{"uv":[13,10.75,13.25,11],"texture":"#1"},"down":{"uv":[13,10.75,13.25,11],"texture":"#1"}}},{"from":[4.37132,7.12868,7],"to":[4.62132,7.87868,8.25],"rotation":{"angle":-45,"axis":"z","origin":[0,3,0]},"faces":{"north":{"uv":[10.5,11,10.25,11.75],"texture":"#1"},"east":{"uv":[10.25,11,10.5,11.75],"texture":"#1"},"south":{"uv":[10.25,11,10.5,11.75],"texture":"#1"},"west":{"uv":[10.25,11,10.5,11.75],"texture":"#1"},"up":{"uv":[10.25,11,10.5,11.25],"texture":"#1"},"down":{"uv":[10.25,11.5,10.5,11.75],"texture":"#1"}}},{"from":[2.37132,7.12868,7],"to":[2.62132,7.62868,8.25],"rotation":{"angle":-45,"axis":"z","origin":[0,3,0]},"faces":{"north":{"uv":[8.5,11.25,8.25,11.75],"texture":"#1"},"east":{"uv":[8.25,11.25,8.5,11.75],"texture":"#1"},"south":{"uv":[8.25,11.25,8.5,11.75],"texture":"#1"},"west":{"uv":[8.25,11.25,8.5,11.75],"texture":"#1"},"up":{"uv":[8.25,11.25,8.5,11.5],"texture":"#1"},"down":{"uv":[8.25,11.5,8.5,11.75],"texture":"#1"}}},{"from":[6.12132,7.37868,7],"to":[6.37132,7.62868,8.25],"rotation":{"angle":-45,"axis":"z","origin":[0,3,0]},"faces":{"north":{"uv":[12.25,11.25,12,11.5],"texture":"#1"},"east":{"uv":[12,11.25,12.25,11.5],"texture":"#1"},"south":{"uv":[12,11.25,12.25,11.5],"texture":"#1"},"west":{"uv":[12,11.25,12.25,11.5],"texture":"#1"},"up":{"uv":[12,11.25,12.25,11.5],"texture":"#1"},"down":{"uv":[12,11.25,12.25,11.5],"texture":"#1"}}},{"from":[4.62132,7.12868,7],"to":[4.87132,7.37868,8.25],"rotation":{"angle":-45,"axis":"z","origin":[0,3,0]},"faces":{"north":{"uv":[10.75,11.5,10.5,11.75],"texture":"#1"},"east":{"uv":[10.5,11.5,10.75,11.75],"texture":"#1"},"south":{"uv":[10.5,11.5,10.75,11.75],"texture":"#1"},"west":{"uv":[10.5,11.5,10.75,11.75],"texture":"#1"},"up":{"uv":[10.5,11.5,10.75,11.75],"texture":"#1"},"down":{"uv":[10.5,11.5,10.75,11.75],"texture":"#1"}}}],"display":{"thirdperson_righthand":{"rotation":[-165,0,0],"translation":[0.5,-1.75,-1]},"thirdperson_lefthand":{"rotation":[4,7,-87],"translation":[1.75,-0.25,0.5]},"firstperson_righthand":{"rotation":[0,106,0],"translation":[3.25,1.75,-0.25]},"firstperson_lefthand":{"rotation":[47,-67,0],"translation":[0.75,2,2.75]},"ground":{"translation":[0,3,0]},"gui":{"rotation":[-21,0,0],"translation":[1.25,0.5,0]},"head":{"translation":[0.75,3.5,-6.5]}},"groups":[{"name":"fish-bones","origin":[8,8,8],"color":0,"children":[0,1,2,3,4,5,6,7,8,9,10,11,12,13,14,15,16,17,18,19,20,21,22,23,24,25,26,27,28,29,30,31,32,33,34,35,36,37,38,39,40,41,42,43,44,45,46,47,48,49,50,51,52,53,54,55,56,57,58,59,60,61,62,63,64,65,66,67]}]}