{"credit":"Made with Blockbench","textures":{"0":"block/custom/gold-horseshoes","particle":"block/custom/gold-horseshoes"},"elements":[{"from":[9.5,13.5,7],"to":[10,15.5,8.25],"faces":{"north":{"uv":[10,0.5,9.5,2.5],"texture":"#0"},"east":{"uv":[9.75,0.5,10,2.5],"texture":"#0"},"south":{"uv":[9.5,0.5,10,2.5],"texture":"#0"},"west":{"uv":[9.5,0.5,9.75,2.5],"texture":"#0"},"up":{"uv":[9.5,0.5,10,0.75],"texture":"#0"},"down":{"uv":[9.5,2.25,10,2.5],"texture":"#0"}}},{"from":[9,13.25,7],"to":[9.5,15.25,8.25],"faces":{"north":{"uv":[9.5,0.75,9,2.75],"texture":"#0"},"east":{"uv":[9.25,0.75,9.5,2.75],"texture":"#0"},"south":{"uv":[9,0.75,9.5,2.75],"texture":"#0"},"west":{"uv":[9,0.75,9.25,2.75],"texture":"#0"},"up":{"uv":[9,0.75,9.5,1],"texture":"#0"},"down":{"uv":[9,2.5,9.5,2.75],"texture":"#0"}}},{"from":[8.75,13,7],"to":[9,15,8.25],"faces":{"north":{"uv":[9,1,8.75,3],"texture":"#0"},"east":{"uv":[8.75,1,9,3],"texture":"#0"},"south":{"uv":[8.75,1,9,3],"texture":"#0"},"west":{"uv":[8.75,1,9,3],"texture":"#0"},"up":{"uv":[8.75,1,9,1.25],"texture":"#0"},"down":{"uv":[8.75,2.75,9,3],"texture":"#0"}}},{"from":[10,13.75,7],"to":[10.25,15,8.25],"faces":{"north":{"uv":[10.25,1,10,2.25],"texture":"#0"},"east":{"uv":[10,1,10.25,2.25],"texture":"#0"},"south":{"uv":[10,1,10.25,2.25],"texture":"#0"},"west":{"uv":[10,1,10.25,2.25],"texture":"#0"},"up":{"uv":[10,1,10.25,1.25],"texture":"#0"},"down":{"uv":[10,2,10.25,2.25],"texture":"#0"}}},{"from":[8.5,13,7],"to":[8.75,14.75,8.25],"faces":{"north":{"uv":[8.75,1.25,8.5,3],"texture":"#0"},"east":{"uv":[8.5,1.25,8.75,3],"texture":"#0"},"south":{"uv":[8.5,1.25,8.75,3],"texture":"#0"},"west":{"uv":[8.5,1.25,8.75,3],"texture":"#0"},"up":{"uv":[8.5,1.25,8.75,1.5],"texture":"#0"},"down":{"uv":[8.5,2.75,8.75,3],"texture":"#0"}}},{"from":[10.25,14,7],"to":[10.5,14.75,8.25],"faces":{"north":{"uv":[10.5,1.25,10.25,2],"texture":"#0"},"east":{"uv":[10.25,1.25,10.5,2],"texture":"#0"},"south":{"uv":[10.25,1.25,10.5,2],"texture":"#0"},"west":{"uv":[10.25,1.25,10.5,2],"texture":"#0"},"up":{"uv":[10.25,1.25,10.5,1.5],"texture":"#0"},"down":{"uv":[10.25,1.75,10.5,2],"texture":"#0"}}},{"from":[8,13,7],"to":[8.5,14.25,8.25],"faces":{"north":{"uv":[8.5,1.75,8,3],"texture":"#0"},"east":{"uv":[8.25,1.75,8.5,3],"texture":"#0"},"south":{"uv":[8,1.75,8.5,3],"texture":"#0"},"west":{"uv":[8,1.75,8.25,3],"texture":"#0"},"up":{"uv":[8,1.75,8.5,2],"texture":"#0"},"down":{"uv":[8,2.75,8.5,3],"texture":"#0"}}},{"from":[7.25,13.5,7],"to":[8,14,8.25],"faces":{"north":{"uv":[8,2,7.25,2.5],"texture":"#0"},"east":{"uv":[7.75,2,8,2.5],"texture":"#0"},"south":{"uv":[7.25,2,8,2.5],"texture":"#0"},"west":{"uv":[7.25,2,7.5,2.5],"texture":"#0"},"up":{"uv":[7.25,2,8,2.25],"texture":"#0"},"down":{"uv":[7.25,2.25,8,2.5],"texture":"#0"}}},{"from":[6.5,13.25,7],"to":[7.25,13.75,8.25],"faces":{"north":{"uv":[7.25,2.25,6.5,2.75],"texture":"#0"},"east":{"uv":[7,2.25,7.25,2.75],"texture":"#0"},"south":{"uv":[6.5,2.25,7.25,2.75],"texture":"#0"},"west":{"uv":[6.5,2.25,6.75,2.75],"texture":"#0"},"up":{"uv":[6.5,2.25,7.25,2.5],"texture":"#0"},"down":{"uv":[6.5,2.5,7.25,2.75],"texture":"#0"}}},{"from":[5.75,13,7],"to":[6.5,13.5,8.25],"faces":{"north":{"uv":[6.5,2.5,5.75,3],"texture":"#0"},"east":{"uv":[6.25,2.5,6.5,3],"texture":"#0"},"south":{"uv":[5.75,2.5,6.5,3],"texture":"#0"},"west":{"uv":[5.75,2.5,6,3],"texture":"#0"},"up":{"uv":[5.75,2.5,6.5,2.75],"texture":"#0"},"down":{"uv":[5.75,2.75,6.5,3],"texture":"#0"}}},{"from":[7.25,12.5,7],"to":[7.5,13.5,8.25],"faces":{"north":{"uv":[7.5,2.5,7.25,3.5],"texture":"#0"},"east":{"uv":[7.25,2.5,7.5,3.5],"texture":"#0"},"south":{"uv":[7.25,2.5,7.5,3.5],"texture":"#0"},"west":{"uv":[7.25,2.5,7.5,3.5],"texture":"#0"},"up":{"uv":[7.25,2.5,7.5,2.75],"texture":"#0"},"down":{"uv":[7.25,3.25,7.5,3.5],"texture":"#0"}}},{"from":[7.75,12.75,7],"to":[8,13.5,8.25],"faces":{"north":{"uv":[8,2.5,7.75,3.25],"texture":"#0"},"east":{"uv":[7.75,2.5,8,3.25],"texture":"#0"},"south":{"uv":[7.75,2.5,8,3.25],"texture":"#0"},"west":{"uv":[7.75,2.5,8,3.25],"texture":"#0"},"up":{"uv":[7.75,2.5,8,2.75],"texture":"#0"},"down":{"uv":[7.75,3,8,3.25],"texture":"#0"}}},{"from":[5.25,12,7],"to":[5.75,13.25,8.25],"faces":{"north":{"uv":[5.75,2.75,5.25,4],"texture":"#0"},"east":{"uv":[5.5,2.75,5.75,4],"texture":"#0"},"south":{"uv":[5.25,2.75,5.75,4],"texture":"#0"},"west":{"uv":[5.25,2.75,5.5,4],"texture":"#0"},"up":{"uv":[5.25,2.75,5.75,3],"texture":"#0"},"down":{"uv":[5.25,3.75,5.75,4],"texture":"#0"}}},{"from":[7,12.5,7],"to":[7.25,13.25,8.25],"faces":{"north":{"uv":[7.25,2.75,7,3.5],"texture":"#0"},"east":{"uv":[7,2.75,7.25,3.5],"texture":"#0"},"south":{"uv":[7,2.75,7.25,3.5],"texture":"#0"},"west":{"uv":[7,2.75,7.25,3.5],"texture":"#0"},"up":{"uv":[7,2.75,7.25,3],"texture":"#0"},"down":{"uv":[7,3.25,7.25,3.5],"texture":"#0"}}},{"from":[7.5,12.75,7],"to":[7.75,13.25,8.25],"faces":{"north":{"uv":[7.75,2.75,7.5,3.25],"texture":"#0"},"east":{"uv":[7.5,2.75,7.75,3.25],"texture":"#0"},"south":{"uv":[7.5,2.75,7.75,3.25],"texture":"#0"},"west":{"uv":[7.5,2.75,7.75,3.25],"texture":"#0"},"up":{"uv":[7.5,2.75,7.75,3],"texture":"#0"},"down":{"uv":[7.5,3,7.75,3.25],"texture":"#0"}}},{"from":[4.75,12.5,7],"to":[5.25,13,8.25],"faces":{"north":{"uv":[5.25,3,4.75,3.5],"texture":"#0"},"east":{"uv":[5,3,5.25,3.5],"texture":"#0"},"south":{"uv":[4.75,3,5.25,3.5],"texture":"#0"},"west":{"uv":[4.75,3,5,3.5],"texture":"#0"},"up":{"uv":[4.75,3,5.25,3.25],"texture":"#0"},"down":{"uv":[4.75,3.25,5.25,3.5],"texture":"#0"}}},{"from":[6.25,12.25,7],"to":[6.75,13,8.25],"faces":{"north":{"uv":[6.75,3,6.25,3.75],"texture":"#0"},"east":{"uv":[6.5,3,6.75,3.75],"texture":"#0"},"south":{"uv":[6.25,3,6.75,3.75],"texture":"#0"},"west":{"uv":[6.25,3,6.5,3.75],"texture":"#0"},"up":{"uv":[6.25,3,6.75,3.25],"texture":"#0"},"down":{"uv":[6.25,3.5,6.75,3.75],"texture":"#0"}}},{"from":[8,12.75,7],"to":[8.25,13,8.25],"faces":{"north":{"uv":[8.25,3,8,3.25],"texture":"#0"},"east":{"uv":[8,3,8.25,3.25],"texture":"#0"},"south":{"uv":[8,3,8.25,3.25],"texture":"#0"},"west":{"uv":[8,3,8.25,3.25],"texture":"#0"},"up":{"uv":[8,3,8.25,3.25],"texture":"#0"},"down":{"uv":[8,3,8.25,3.25],"texture":"#0"}}},{"from":[4.25,11.25,7],"to":[4.75,12.75,8.25],"faces":{"north":{"uv":[4.75,3.25,4.25,4.75],"texture":"#0"},"east":{"uv":[4.5,3.25,4.75,4.75],"texture":"#0"},"south":{"uv":[4.25,3.25,4.75,4.75],"texture":"#0"},"west":{"uv":[4.25,3.25,4.5,4.75],"texture":"#0"},"up":{"uv":[4.25,3.25,4.75,3.5],"texture":"#0"},"down":{"uv":[4.25,4.5,4.75,4.75],"texture":"#0"}}},{"from":[6.75,12.5,7],"to":[7,12.75,8.25],"faces":{"north":{"uv":[7,3.25,6.75,3.5],"texture":"#0"},"east":{"uv":[6.75,3.25,7,3.5],"texture":"#0"},"south":{"uv":[6.75,3.25,7,3.5],"texture":"#0"},"west":{"uv":[6.75,3.25,7,3.5],"texture":"#0"},"up":{"uv":[6.75,3.25,7,3.5],"texture":"#0"},"down":{"uv":[6.75,3.25,7,3.5],"texture":"#0"}}},{"from":[3.75,12,7],"to":[4.25,12.5,8.25],"faces":{"north":{"uv":[4.25,3.5,3.75,4],"texture":"#0"},"east":{"uv":[4,3.5,4.25,4],"texture":"#0"},"south":{"uv":[3.75,3.5,4.25,4],"texture":"#0"},"west":{"uv":[3.75,3.5,4,4],"texture":"#0"},"up":{"uv":[3.75,3.5,4.25,3.75],"texture":"#0"},"down":{"uv":[3.75,3.75,4.25,4],"texture":"#0"}}},{"from":[5.75,12,7],"to":[6.25,12.5,8.25],"faces":{"north":{"uv":[6.25,3.5,5.75,4],"texture":"#0"},"east":{"uv":[6,3.5,6.25,4],"texture":"#0"},"south":{"uv":[5.75,3.5,6.25,4],"texture":"#0"},"west":{"uv":[5.75,3.5,6,4],"texture":"#0"},"up":{"uv":[5.75,3.5,6.25,3.75],"texture":"#0"},"down":{"uv":[5.75,3.75,6.25,4],"texture":"#0"}}},{"from":[3.25,11.25,7],"to":[3.75,12.25,8.25],"faces":{"north":{"uv":[3.75,3.75,3.25,4.75],"texture":"#0"},"east":{"uv":[3.5,3.75,3.75,4.75],"texture":"#0"},"south":{"uv":[3.25,3.75,3.75,4.75],"texture":"#0"},"west":{"uv":[3.25,3.75,3.5,4.75],"texture":"#0"},"up":{"uv":[3.25,3.75,3.75,4],"texture":"#0"},"down":{"uv":[3.25,4.5,3.75,4.75],"texture":"#0"}}},{"from":[3,11.25,7],"to":[3.25,12,8.25],"faces":{"north":{"uv":[3.25,4,3,4.75],"texture":"#0"},"east":{"uv":[3,4,3.25,4.75],"texture":"#0"},"south":{"uv":[3,4,3.25,4.75],"texture":"#0"},"west":{"uv":[3,4,3.25,4.75],"texture":"#0"},"up":{"uv":[3,4,3.25,4.25],"texture":"#0"},"down":{"uv":[3,4.5,3.25,4.75],"texture":"#0"}}},{"from":[4.75,11.5,7],"to":[5.25,12,8.25],"faces":{"north":{"uv":[5.25,4,4.75,4.5],"texture":"#0"},"east":{"uv":[5,4,5.25,4.5],"texture":"#0"},"south":{"uv":[4.75,4,5.25,4.5],"texture":"#0"},"west":{"uv":[4.75,4,5,4.5],"texture":"#0"},"up":{"uv":[4.75,4,5.25,4.25],"texture":"#0"},"down":{"uv":[4.75,4.25,5.25,4.5],"texture":"#0"}}},{"from":[5.25,11.75,7],"to":[5.5,12,8.25],"faces":{"north":{"uv":[5.5,4,5.25,4.25],"texture":"#0"},"east":{"uv":[5.25,4,5.5,4.25],"texture":"#0"},"south":{"uv":[5.25,4,5.5,4.25],"texture":"#0"},"west":{"uv":[5.25,4,5.5,4.25],"texture":"#0"},"up":{"uv":[5.25,4,5.5,4.25],"texture":"#0"},"down":{"uv":[5.25,4,5.5,4.25],"texture":"#0"}}},{"from":[2.75,11.25,7],"to":[3,11.75,8.25],"faces":{"north":{"uv":[3,4.25,2.75,4.75],"texture":"#0"},"east":{"uv":[2.75,4.25,3,4.75],"texture":"#0"},"south":{"uv":[2.75,4.25,3,4.75],"texture":"#0"},"west":{"uv":[2.75,4.25,3,4.75],"texture":"#0"},"up":{"uv":[2.75,4.25,3,4.5],"texture":"#0"},"down":{"uv":[2.75,4.5,3,4.75],"texture":"#0"}}},{"from":[2.5,10.25,7],"to":[2.75,11.5,8.25],"faces":{"north":{"uv":[2.75,4.5,2.5,5.75],"texture":"#0"},"east":{"uv":[2.5,4.5,2.75,5.75],"texture":"#0"},"south":{"uv":[2.5,4.5,2.75,5.75],"texture":"#0"},"west":{"uv":[2.5,4.5,2.75,5.75],"texture":"#0"},"up":{"uv":[2.5,4.5,2.75,4.75],"texture":"#0"},"down":{"uv":[2.5,5.5,2.75,5.75],"texture":"#0"}}},{"from":[3.75,10.75,7],"to":[4.25,11.5,8.25],"faces":{"north":{"uv":[4.25,4.5,3.75,5.25],"texture":"#0"},"east":{"uv":[4,4.5,4.25,5.25],"texture":"#0"},"south":{"uv":[3.75,4.5,4.25,5.25],"texture":"#0"},"west":{"uv":[3.75,4.5,4,5.25],"texture":"#0"},"up":{"uv":[3.75,4.5,4.25,4.75],"texture":"#0"},"down":{"uv":[3.75,5,4.25,5.25],"texture":"#0"}}},{"from":[2.25,10.25,7],"to":[2.5,11.25,8.25],"faces":{"north":{"uv":[2.5,4.75,2.25,5.75],"texture":"#0"},"east":{"uv":[2.25,4.75,2.5,5.75],"texture":"#0"},"south":{"uv":[2.25,4.75,2.5,5.75],"texture":"#0"},"west":{"uv":[2.25,4.75,2.5,5.75],"texture":"#0"},"up":{"uv":[2.25,4.75,2.5,5],"texture":"#0"},"down":{"uv":[2.25,5.5,2.5,5.75],"texture":"#0"}}},{"from":[3.5,10,7],"to":[3.75,11.25,8.25],"faces":{"north":{"uv":[3.75,4.75,3.5,6],"texture":"#0"},"east":{"uv":[3.5,4.75,3.75,6],"texture":"#0"},"south":{"uv":[3.5,4.75,3.75,6],"texture":"#0"},"west":{"uv":[3.5,4.75,3.75,6],"texture":"#0"},"up":{"uv":[3.5,4.75,3.75,5],"texture":"#0"},"down":{"uv":[3.5,5.75,3.75,6],"texture":"#0"}}},{"from":[4.25,11,7],"to":[4.5,11.25,8.25],"faces":{"north":{"uv":[4.5,4.75,4.25,5],"texture":"#0"},"east":{"uv":[4.25,4.75,4.5,5],"texture":"#0"},"south":{"uv":[4.25,4.75,4.5,5],"texture":"#0"},"west":{"uv":[4.25,4.75,4.5,5],"texture":"#0"},"up":{"uv":[4.25,4.75,4.5,5],"texture":"#0"},"down":{"uv":[4.25,4.75,4.5,5],"texture":"#0"}}},{"from":[2,10,7],"to":[2.25,11,8.25],"faces":{"north":{"uv":[2.25,5,2,6],"texture":"#0"},"east":{"uv":[2,5,2.25,6],"texture":"#0"},"south":{"uv":[2,5,2.25,6],"texture":"#0"},"west":{"uv":[2,5,2.25,6],"texture":"#0"},"up":{"uv":[2,5,2.25,5.25],"texture":"#0"},"down":{"uv":[2,5.75,2.25,6],"texture":"#0"}}},{"from":[1.75,8.75,7],"to":[2,10.75,8.25],"faces":{"north":{"uv":[2,5.25,1.75,7.25],"texture":"#0"},"east":{"uv":[1.75,5.25,2,7.25],"texture":"#0"},"south":{"uv":[1.75,5.25,2,7.25],"texture":"#0"},"west":{"uv":[1.75,5.25,2,7.25],"texture":"#0"},"up":{"uv":[1.75,5.25,2,5.5],"texture":"#0"},"down":{"uv":[1.75,7,2,7.25],"texture":"#0"}}},{"from":[3.75,10.5,7],"to":[4,10.75,8.25],"faces":{"north":{"uv":[4,5.25,3.75,5.5],"texture":"#0"},"east":{"uv":[3.75,5.25,4,5.5],"texture":"#0"},"south":{"uv":[3.75,5.25,4,5.5],"texture":"#0"},"west":{"uv":[3.75,5.25,4,5.5],"texture":"#0"},"up":{"uv":[3.75,5.25,4,5.5],"texture":"#0"},"down":{"uv":[3.75,5.25,4,5.5],"texture":"#0"}}},{"from":[14,8,7],"to":[14.25,10.75,8.25],"faces":{"north":{"uv":[14.25,5.25,14,8],"texture":"#0"},"east":{"uv":[14,5.25,14.25,8],"texture":"#0"},"south":{"uv":[14,5.25,14.25,8],"texture":"#0"},"west":{"uv":[14,5.25,14.25,8],"texture":"#0"},"up":{"uv":[14,5.25,14.25,5.5],"texture":"#0"},"down":{"uv":[14,7.75,14.25,8],"texture":"#0"}}},{"from":[2.75,9.5,7],"to":[3.5,10.5,8.25],"faces":{"north":{"uv":[3.5,5.5,2.75,6.5],"texture":"#0"},"east":{"uv":[3.25,5.5,3.5,6.5],"texture":"#0"},"south":{"uv":[2.75,5.5,3.5,6.5],"texture":"#0"},"west":{"uv":[2.75,5.5,3,6.5],"texture":"#0"},"up":{"uv":[2.75,5.5,3.5,5.75],"texture":"#0"},"down":{"uv":[2.75,6.25,3.5,6.5],"texture":"#0"}}},{"from":[13.75,7.5,7],"to":[14,10.5,8.25],"faces":{"north":{"uv":[14,5.5,13.75,8.5],"texture":"#0"},"east":{"uv":[13.75,5.5,14,8.5],"texture":"#0"},"south":{"uv":[13.75,5.5,14,8.5],"texture":"#0"},"west":{"uv":[13.75,5.5,14,8.5],"texture":"#0"},"up":{"uv":[13.75,5.5,14,5.75],"texture":"#0"},"down":{"uv":[13.75,8.25,14,8.5],"texture":"#0"}}},{"from":[14.25,8.75,7],"to":[14.75,10.5,8.25],"faces":{"north":{"uv":[14.75,5.5,14.25,7.25],"texture":"#0"},"east":{"uv":[14.5,5.5,14.75,7.25],"texture":"#0"},"south":{"uv":[14.25,5.5,14.75,7.25],"texture":"#0"},"west":{"uv":[14.25,5.5,14.5,7.25],"texture":"#0"},"up":{"uv":[14.25,5.5,14.75,5.75],"texture":"#0"},"down":{"uv":[14.25,7,14.75,7.25],"texture":"#0"}}},{"from":[1.5,4.25,7],"to":[1.75,10.25,8.25],"faces":{"north":{"uv":[1.75,5.75,1.5,11.75],"texture":"#0"},"east":{"uv":[1.5,5.75,1.75,11.75],"texture":"#0"},"south":{"uv":[1.5,5.75,1.75,11.75],"texture":"#0"},"west":{"uv":[1.5,5.75,1.75,11.75],"texture":"#0"},"up":{"uv":[1.5,5.75,1.75,6],"texture":"#0"},"down":{"uv":[1.5,11.5,1.75,11.75],"texture":"#0"}}},{"from":[14.75,9.25,7],"to":[15.25,10.25,8.25],"faces":{"north":{"uv":[15.25,5.75,14.75,6.75],"texture":"#0"},"east":{"uv":[15,5.75,15.25,6.75],"texture":"#0"},"south":{"uv":[14.75,5.75,15.25,6.75],"texture":"#0"},"west":{"uv":[14.75,5.75,15,6.75],"texture":"#0"},"up":{"uv":[14.75,5.75,15.25,6],"texture":"#0"},"down":{"uv":[14.75,6.5,15.25,6.75],"texture":"#0"}}},{"from":[13.5,6.75,7],"to":[13.75,10,8.25],"faces":{"north":{"uv":[13.75,6,13.5,9.25],"texture":"#0"},"east":{"uv":[13.5,6,13.75,9.25],"texture":"#0"},"south":{"uv":[13.5,6,13.75,9.25],"texture":"#0"},"west":{"uv":[13.5,6,13.75,9.25],"texture":"#0"},"up":{"uv":[13.5,6,13.75,6.25],"texture":"#0"},"down":{"uv":[13.5,9,13.75,9.25],"texture":"#0"}}},{"from":[15.25,9.75,7],"to":[15.5,10,8.25],"faces":{"north":{"uv":[15.5,6,15.25,6.25],"texture":"#0"},"east":{"uv":[15.25,6,15.5,6.25],"texture":"#0"},"south":{"uv":[15.25,6,15.5,6.25],"texture":"#0"},"west":{"uv":[15.25,6,15.5,6.25],"texture":"#0"},"up":{"uv":[15.25,6,15.5,6.25],"texture":"#0"},"down":{"uv":[15.25,6,15.5,6.25],"texture":"#0"}}},{"from":[1.25,4.75,7],"to":[1.5,9.75,8.25],"faces":{"north":{"uv":[1.5,6.25,1.25,11.25],"texture":"#0"},"east":{"uv":[1.25,6.25,1.5,11.25],"texture":"#0"},"south":{"uv":[1.25,6.25,1.5,11.25],"texture":"#0"},"west":{"uv":[1.25,6.25,1.5,11.25],"texture":"#0"},"up":{"uv":[1.25,6.25,1.5,6.5],"texture":"#0"},"down":{"uv":[1.25,11,1.5,11.25],"texture":"#0"}}},{"from":[13.25,8,7],"to":[13.5,9.75,8.25],"faces":{"north":{"uv":[13.5,6.25,13.25,8],"texture":"#0"},"east":{"uv":[13.25,6.25,13.5,8],"texture":"#0"},"south":{"uv":[13.25,6.25,13.5,8],"texture":"#0"},"west":{"uv":[13.25,6.25,13.5,8],"texture":"#0"},"up":{"uv":[13.25,6.25,13.5,6.5],"texture":"#0"},"down":{"uv":[13.25,7.75,13.5,8],"texture":"#0"}}},{"from":[2,8.75,7],"to":[2.25,9.5,8.25],"faces":{"north":{"uv":[2.25,6.5,2,7.25],"texture":"#0"},"east":{"uv":[2,6.5,2.25,7.25],"texture":"#0"},"south":{"uv":[2,6.5,2.25,7.25],"texture":"#0"},"west":{"uv":[2,6.5,2.25,7.25],"texture":"#0"},"up":{"uv":[2,6.5,2.25,6.75],"texture":"#0"},"down":{"uv":[2,7,2.25,7.25],"texture":"#0"}}},{"from":[2.75,8.75,7],"to":[3.25,9.5,8.25],"faces":{"north":{"uv":[3.25,6.5,2.75,7.25],"texture":"#0"},"east":{"uv":[3,6.5,3.25,7.25],"texture":"#0"},"south":{"uv":[2.75,6.5,3.25,7.25],"texture":"#0"},"west":{"uv":[2.75,6.5,3,7.25],"texture":"#0"},"up":{"uv":[2.75,6.5,3.25,6.75],"texture":"#0"},"down":{"uv":[2.75,7,3.25,7.25],"texture":"#0"}}},{"from":[2.25,8.5,7],"to":[2.75,9.25,8.25],"faces":{"north":{"uv":[2.75,6.75,2.25,7.5],"texture":"#0"},"east":{"uv":[2.5,6.75,2.75,7.5],"texture":"#0"},"south":{"uv":[2.25,6.75,2.75,7.5],"texture":"#0"},"west":{"uv":[2.25,6.75,2.5,7.5],"texture":"#0"},"up":{"uv":[2.25,6.75,2.75,7],"texture":"#0"},"down":{"uv":[2.25,7.25,2.75,7.5],"texture":"#0"}}},{"from":[13,7,7],"to":[13.25,9.25,8.25],"faces":{"north":{"uv":[13.25,6.75,13,9],"texture":"#0"},"east":{"uv":[13,6.75,13.25,9],"texture":"#0"},"south":{"uv":[13,6.75,13.25,9],"texture":"#0"},"west":{"uv":[13,6.75,13.25,9],"texture":"#0"},"up":{"uv":[13,6.75,13.25,7],"texture":"#0"},"down":{"uv":[13,8.75,13.25,9],"texture":"#0"}}},{"from":[14.75,8.75,7],"to":[15,9.25,8.25],"faces":{"north":{"uv":[15,6.75,14.75,7.25],"texture":"#0"},"east":{"uv":[14.75,6.75,15,7.25],"texture":"#0"},"south":{"uv":[14.75,6.75,15,7.25],"texture":"#0"},"west":{"uv":[14.75,6.75,15,7.25],"texture":"#0"},"up":{"uv":[14.75,6.75,15,7],"texture":"#0"},"down":{"uv":[14.75,7,15,7.25],"texture":"#0"}}},{"from":[1,5.25,7],"to":[1.25,9,8.25],"faces":{"north":{"uv":[1.25,7,1,10.75],"texture":"#0"},"east":{"uv":[1,7,1.25,10.75],"texture":"#0"},"south":{"uv":[1,7,1.25,10.75],"texture":"#0"},"west":{"uv":[1,7,1.25,10.75],"texture":"#0"},"up":{"uv":[1,7,1.25,7.25],"texture":"#0"},"down":{"uv":[1,10.5,1.25,10.75],"texture":"#0"}}},{"from":[2.75,2.5,7],"to":[3,8.75,8.25],"faces":{"north":{"uv":[3,7.25,2.75,13.5],"texture":"#0"},"east":{"uv":[2.75,7.25,3,13.5],"texture":"#0"},"south":{"uv":[2.75,7.25,3,13.5],"texture":"#0"},"west":{"uv":[2.75,7.25,3,13.5],"texture":"#0"},"up":{"uv":[2.75,7.25,3,7.5],"texture":"#0"},"down":{"uv":[2.75,13.25,3,13.5],"texture":"#0"}}},{"from":[14.25,8.5,7],"to":[14.5,8.75,8.25],"faces":{"north":{"uv":[14.5,7.25,14.25,7.5],"texture":"#0"},"east":{"uv":[14.25,7.25,14.5,7.5],"texture":"#0"},"south":{"uv":[14.25,7.25,14.5,7.5],"texture":"#0"},"west":{"uv":[14.25,7.25,14.5,7.5],"texture":"#0"},"up":{"uv":[14.25,7.25,14.5,7.5],"texture":"#0"},"down":{"uv":[14.25,7.25,14.5,7.5],"texture":"#0"}}},{"from":[2.5,5.75,7],"to":[2.75,8.5,8.25],"faces":{"north":{"uv":[2.75,7.5,2.5,10.25],"texture":"#0"},"east":{"uv":[2.5,7.5,2.75,10.25],"texture":"#0"},"south":{"uv":[2.5,7.5,2.75,10.25],"texture":"#0"},"west":{"uv":[2.5,7.5,2.75,10.25],"texture":"#0"},"up":{"uv":[2.5,7.5,2.75,7.75],"texture":"#0"},"down":{"uv":[2.5,10,2.75,10.25],"texture":"#0"}}},{"from":[12.75,7,7],"to":[13,8.5,8.25],"faces":{"north":{"uv":[13,7.5,12.75,9],"texture":"#0"},"east":{"uv":[12.75,7.5,13,9],"texture":"#0"},"south":{"uv":[12.75,7.5,13,9],"texture":"#0"},"west":{"uv":[12.75,7.5,13,9],"texture":"#0"},"up":{"uv":[12.75,7.5,13,7.75],"texture":"#0"},"down":{"uv":[12.75,8.75,13,9],"texture":"#0"}}},{"from":[2.25,7.25,7],"to":[2.5,8,8.25],"faces":{"north":{"uv":[2.5,8,2.25,8.75],"texture":"#0"},"east":{"uv":[2.25,8,2.5,8.75],"texture":"#0"},"south":{"uv":[2.25,8,2.5,8.75],"texture":"#0"},"west":{"uv":[2.25,8,2.5,8.75],"texture":"#0"},"up":{"uv":[2.25,8,2.5,8.25],"texture":"#0"},"down":{"uv":[2.25,8.5,2.5,8.75],"texture":"#0"}}},{"from":[0.75,6.25,7],"to":[1,7.75,8.25],"faces":{"north":{"uv":[1,8.25,0.75,9.75],"texture":"#0"},"east":{"uv":[0.75,8.25,1,9.75],"texture":"#0"},"south":{"uv":[0.75,8.25,1,9.75],"texture":"#0"},"west":{"uv":[0.75,8.25,1,9.75],"texture":"#0"},"up":{"uv":[0.75,8.25,1,8.5],"texture":"#0"},"down":{"uv":[0.75,9.5,1,9.75],"texture":"#0"}}},{"from":[1.75,7.25,7],"to":[2.25,7.75,8.25],"faces":{"north":{"uv":[2.25,8.25,1.75,8.75],"texture":"#0"},"east":{"uv":[2,8.25,2.25,8.75],"texture":"#0"},"south":{"uv":[1.75,8.25,2.25,8.75],"texture":"#0"},"west":{"uv":[1.75,8.25,2,8.75],"texture":"#0"},"up":{"uv":[1.75,8.25,2.25,8.5],"texture":"#0"},"down":{"uv":[1.75,8.5,2.25,8.75],"texture":"#0"}}},{"from":[12.5,6.25,7],"to":[12.75,7.75,8.25],"faces":{"north":{"uv":[12.75,8.25,12.5,9.75],"texture":"#0"},"east":{"uv":[12.5,8.25,12.75,9.75],"texture":"#0"},"south":{"uv":[12.5,8.25,12.75,9.75],"texture":"#0"},"west":{"uv":[12.5,8.25,12.75,9.75],"texture":"#0"},"up":{"uv":[12.5,8.25,12.75,8.5],"texture":"#0"},"down":{"uv":[12.5,9.5,12.75,9.75],"texture":"#0"}}},{"from":[13.25,6,7],"to":[13.5,7.5,8.25],"faces":{"north":{"uv":[13.5,8.5,13.25,10],"texture":"#0"},"east":{"uv":[13.25,8.5,13.5,10],"texture":"#0"},"south":{"uv":[13.25,8.5,13.5,10],"texture":"#0"},"west":{"uv":[13.25,8.5,13.5,10],"texture":"#0"},"up":{"uv":[13.25,8.5,13.5,8.75],"texture":"#0"},"down":{"uv":[13.25,9.75,13.5,10],"texture":"#0"}}},{"from":[12.25,5.25,7],"to":[12.5,7,8.25],"faces":{"north":{"uv":[12.5,9,12.25,10.75],"texture":"#0"},"east":{"uv":[12.25,9,12.5,10.75],"texture":"#0"},"south":{"uv":[12.25,9,12.5,10.75],"texture":"#0"},"west":{"uv":[12.25,9,12.5,10.75],"texture":"#0"},"up":{"uv":[12.25,9,12.5,9.25],"texture":"#0"},"down":{"uv":[12.25,10.5,12.5,10.75],"texture":"#0"}}},{"from":[2.25,5.75,7],"to":[2.5,6.75,8.25],"faces":{"north":{"uv":[2.5,9.25,2.25,10.25],"texture":"#0"},"east":{"uv":[2.25,9.25,2.5,10.25],"texture":"#0"},"south":{"uv":[2.25,9.25,2.5,10.25],"texture":"#0"},"west":{"uv":[2.25,9.25,2.5,10.25],"texture":"#0"},"up":{"uv":[2.25,9.25,2.5,9.5],"texture":"#0"},"down":{"uv":[2.25,10,2.5,10.25],"texture":"#0"}}},{"from":[1.75,5.75,7],"to":[2.25,6.5,8.25],"faces":{"north":{"uv":[2.25,9.5,1.75,10.25],"texture":"#0"},"east":{"uv":[2,9.5,2.25,10.25],"texture":"#0"},"south":{"uv":[1.75,9.5,2.25,10.25],"texture":"#0"},"west":{"uv":[1.75,9.5,2,10.25],"texture":"#0"},"up":{"uv":[1.75,9.5,2.25,9.75],"texture":"#0"},"down":{"uv":[1.75,10,2.25,10.25],"texture":"#0"}}},{"from":[12,5.25,7],"to":[12.25,6.5,8.25],"faces":{"north":{"uv":[12.25,9.5,12,10.75],"texture":"#0"},"east":{"uv":[12,9.5,12.25,10.75],"texture":"#0"},"south":{"uv":[12,9.5,12.25,10.75],"texture":"#0"},"west":{"uv":[12,9.5,12.25,10.75],"texture":"#0"},"up":{"uv":[12,9.5,12.25,9.75],"texture":"#0"},"down":{"uv":[12,10.5,12.25,10.75],"texture":"#0"}}},{"from":[12.75,6.25,7],"to":[13.25,6.5,8.25],"faces":{"north":{"uv":[13.25,9.5,12.75,9.75],"texture":"#0"},"east":{"uv":[13,9.5,13.25,9.75],"texture":"#0"},"south":{"uv":[12.75,9.5,13.25,9.75],"texture":"#0"},"west":{"uv":[12.75,9.5,13,9.75],"texture":"#0"},"up":{"uv":[12.75,9.5,13.25,9.75],"texture":"#0"},"down":{"uv":[12.75,9.5,13.25,9.75],"texture":"#0"}}},{"from":[3,2.5,7],"to":[3.25,6.25,8.25],"faces":{"north":{"uv":[3.25,9.75,3,13.5],"texture":"#0"},"east":{"uv":[3,9.75,3.25,13.5],"texture":"#0"},"south":{"uv":[3,9.75,3.25,13.5],"texture":"#0"},"west":{"uv":[3,9.75,3.25,13.5],"texture":"#0"},"up":{"uv":[3,9.75,3.25,10],"texture":"#0"},"down":{"uv":[3,13.25,3.25,13.5],"texture":"#0"}}},{"from":[13,5.25,7],"to":[13.25,6.25,8.25],"faces":{"north":{"uv":[13.25,9.75,13,10.75],"texture":"#0"},"east":{"uv":[13,9.75,13.25,10.75],"texture":"#0"},"south":{"uv":[13,9.75,13.25,10.75],"texture":"#0"},"west":{"uv":[13,9.75,13.25,10.75],"texture":"#0"},"up":{"uv":[13,9.75,13.25,10],"texture":"#0"},"down":{"uv":[13,10.5,13.25,10.75],"texture":"#0"}}},{"from":[1.75,3.75,7],"to":[2,5.75,8.25],"faces":{"north":{"uv":[2,10.25,1.75,12.25],"texture":"#0"},"east":{"uv":[1.75,10.25,2,12.25],"texture":"#0"},"south":{"uv":[1.75,10.25,2,12.25],"texture":"#0"},"west":{"uv":[1.75,10.25,2,12.25],"texture":"#0"},"up":{"uv":[1.75,10.25,2,10.5],"texture":"#0"},"down":{"uv":[1.75,12,2,12.25],"texture":"#0"}}},{"from":[3.25,2.25,7],"to":[3.5,5.75,8.25],"faces":{"north":{"uv":[3.5,10.25,3.25,13.75],"texture":"#0"},"east":{"uv":[3.25,10.25,3.5,13.75],"texture":"#0"},"south":{"uv":[3.25,10.25,3.5,13.75],"texture":"#0"},"west":{"uv":[3.25,10.25,3.5,13.75],"texture":"#0"},"up":{"uv":[3.25,10.25,3.5,10.5],"texture":"#0"},"down":{"uv":[3.25,13.5,3.5,13.75],"texture":"#0"}}},{"from":[11.75,4.25,7],"to":[12,5.75,8.25],"faces":{"north":{"uv":[12,10.25,11.75,11.75],"texture":"#0"},"east":{"uv":[11.75,10.25,12,11.75],"texture":"#0"},"south":{"uv":[11.75,10.25,12,11.75],"texture":"#0"},"west":{"uv":[11.75,10.25,12,11.75],"texture":"#0"},"up":{"uv":[11.75,10.25,12,10.5],"texture":"#0"},"down":{"uv":[11.75,11.5,12,11.75],"texture":"#0"}}},{"from":[12.5,4.75,7],"to":[13,5.75,8.25],"faces":{"north":{"uv":[13,10.25,12.5,11.25],"texture":"#0"},"east":{"uv":[12.75,10.25,13,11.25],"texture":"#0"},"south":{"uv":[12.5,10.25,13,11.25],"texture":"#0"},"west":{"uv":[12.5,10.25,12.75,11.25],"texture":"#0"},"up":{"uv":[12.5,10.25,13,10.5],"texture":"#0"},"down":{"uv":[12.5,11,13,11.25],"texture":"#0"}}},{"from":[11.5,4.5,7],"to":[11.75,5.5,8.25],"faces":{"north":{"uv":[11.75,10.5,11.5,11.5],"texture":"#0"},"east":{"uv":[11.5,10.5,11.75,11.5],"texture":"#0"},"south":{"uv":[11.5,10.5,11.75,11.5],"texture":"#0"},"west":{"uv":[11.5,10.5,11.75,11.5],"texture":"#0"},"up":{"uv":[11.5,10.5,11.75,10.75],"texture":"#0"},"down":{"uv":[11.5,11.25,11.75,11.5],"texture":"#0"}}},{"from":[3.5,2,7],"to":[3.75,5.25,8.25],"faces":{"north":{"uv":[3.75,10.75,3.5,14],"texture":"#0"},"east":{"uv":[3.5,10.75,3.75,14],"texture":"#0"},"south":{"uv":[3.5,10.75,3.75,14],"texture":"#0"},"west":{"uv":[3.5,10.75,3.75,14],"texture":"#0"},"up":{"uv":[3.5,10.75,3.75,11],"texture":"#0"},"down":{"uv":[3.5,13.75,3.75,14],"texture":"#0"}}},{"from":[2,3.5,7],"to":[2.75,5,8.25],"faces":{"north":{"uv":[2.75,11,2,12.5],"texture":"#0"},"east":{"uv":[2.5,11,2.75,12.5],"texture":"#0"},"south":{"uv":[2,11,2.75,12.5],"texture":"#0"},"west":{"uv":[2,11,2.25,12.5],"texture":"#0"},"up":{"uv":[2,11,2.75,11.25],"texture":"#0"},"down":{"uv":[2,12.25,2.75,12.5],"texture":"#0"}}},{"from":[11.25,4.25,7],"to":[11.5,5,8.25],"faces":{"north":{"uv":[11.5,11,11.25,11.75],"texture":"#0"},"east":{"uv":[11.25,11,11.5,11.75],"texture":"#0"},"south":{"uv":[11.25,11,11.5,11.75],"texture":"#0"},"west":{"uv":[11.25,11,11.5,11.75],"texture":"#0"},"up":{"uv":[11.25,11,11.5,11.25],"texture":"#0"},"down":{"uv":[11.25,11.5,11.5,11.75],"texture":"#0"}}},{"from":[3.75,1.75,7],"to":[4,4.75,8.25],"faces":{"north":{"uv":[4,11.25,3.75,14.25],"texture":"#0"},"east":{"uv":[3.75,11.25,4,14.25],"texture":"#0"},"south":{"uv":[3.75,11.25,4,14.25],"texture":"#0"},"west":{"uv":[3.75,11.25,4,14.25],"texture":"#0"},"up":{"uv":[3.75,11.25,4,11.5],"texture":"#0"},"down":{"uv":[3.75,14,4,14.25],"texture":"#0"}}},{"from":[11,3.5,7],"to":[11.25,4.75,8.25],"faces":{"north":{"uv":[11.25,11.25,11,12.5],"texture":"#0"},"east":{"uv":[11,11.25,11.25,12.5],"texture":"#0"},"south":{"uv":[11,11.25,11.25,12.5],"texture":"#0"},"west":{"uv":[11,11.25,11.25,12.5],"texture":"#0"},"up":{"uv":[11,11.25,11.25,11.5],"texture":"#0"},"down":{"uv":[11,12.25,11.25,12.5],"texture":"#0"}}},{"from":[12,4.25,7],"to":[12.75,4.75,8.25],"faces":{"north":{"uv":[12.75,11.25,12,11.75],"texture":"#0"},"east":{"uv":[12.5,11.25,12.75,11.75],"texture":"#0"},"south":{"uv":[12,11.25,12.75,11.75],"texture":"#0"},"west":{"uv":[12,11.25,12.25,11.75],"texture":"#0"},"up":{"uv":[12,11.25,12.75,11.5],"texture":"#0"},"down":{"uv":[12,11.5,12.75,11.75],"texture":"#0"}}},{"from":[4,1.75,7],"to":[4.25,4.5,8.25],"faces":{"north":{"uv":[4.25,11.5,4,14.25],"texture":"#0"},"east":{"uv":[4,11.5,4.25,14.25],"texture":"#0"},"south":{"uv":[4,11.5,4.25,14.25],"texture":"#0"},"west":{"uv":[4,11.5,4.25,14.25],"texture":"#0"},"up":{"uv":[4,11.5,4.25,11.75],"texture":"#0"},"down":{"uv":[4,14,4.25,14.25],"texture":"#0"}}},{"from":[10.75,3.5,7],"to":[11,4.5,8.25],"faces":{"north":{"uv":[11,11.5,10.75,12.5],"texture":"#0"},"east":{"uv":[10.75,11.5,11,12.5],"texture":"#0"},"south":{"uv":[10.75,11.5,11,12.5],"texture":"#0"},"west":{"uv":[10.75,11.5,11,12.5],"texture":"#0"},"up":{"uv":[10.75,11.5,11,11.75],"texture":"#0"},"down":{"uv":[10.75,12.25,11,12.5],"texture":"#0"}}},{"from":[4.25,1.5,7],"to":[4.5,4.25,8.25],"faces":{"north":{"uv":[4.5,11.75,4.25,14.5],"texture":"#0"},"east":{"uv":[4.25,11.75,4.5,14.5],"texture":"#0"},"south":{"uv":[4.25,11.75,4.5,14.5],"texture":"#0"},"west":{"uv":[4.25,11.75,4.5,14.5],"texture":"#0"},"up":{"uv":[4.25,11.75,4.5,12],"texture":"#0"},"down":{"uv":[4.25,14.25,4.5,14.5],"texture":"#0"}}},{"from":[10.5,3.5,7],"to":[10.75,4.25,8.25],"faces":{"north":{"uv":[10.75,11.75,10.5,12.5],"texture":"#0"},"east":{"uv":[10.5,11.75,10.75,12.5],"texture":"#0"},"south":{"uv":[10.5,11.75,10.75,12.5],"texture":"#0"},"west":{"uv":[10.5,11.75,10.75,12.5],"texture":"#0"},"up":{"uv":[10.5,11.75,10.75,12],"texture":"#0"},"down":{"uv":[10.5,12.25,10.75,12.5],"texture":"#0"}}},{"from":[12,4,7],"to":[12.5,4.25,8.25],"faces":{"north":{"uv":[12.5,11.75,12,12],"texture":"#0"},"east":{"uv":[12.25,11.75,12.5,12],"texture":"#0"},"south":{"uv":[12,11.75,12.5,12],"texture":"#0"},"west":{"uv":[12,11.75,12.25,12],"texture":"#0"},"up":{"uv":[12,11.75,12.5,12],"texture":"#0"},"down":{"uv":[12,11.75,12.5,12],"texture":"#0"}}},{"from":[4.5,1.5,7],"to":[4.75,4,8.25],"faces":{"north":{"uv":[4.75,12,4.5,14.5],"texture":"#0"},"east":{"uv":[4.5,12,4.75,14.5],"texture":"#0"},"south":{"uv":[4.5,12,4.75,14.5],"texture":"#0"},"west":{"uv":[4.5,12,4.75,14.5],"texture":"#0"},"up":{"uv":[4.5,12,4.75,12.25],"texture":"#0"},"down":{"uv":[4.5,14.25,4.75,14.5],"texture":"#0"}}},{"from":[10.25,1.75,7],"to":[10.5,4,8.25],"faces":{"north":{"uv":[10.5,12,10.25,14.25],"texture":"#0"},"east":{"uv":[10.25,12,10.5,14.25],"texture":"#0"},"south":{"uv":[10.25,12,10.5,14.25],"texture":"#0"},"west":{"uv":[10.25,12,10.5,14.25],"texture":"#0"},"up":{"uv":[10.25,12,10.5,12.25],"texture":"#0"},"down":{"uv":[10.25,14,10.5,14.25],"texture":"#0"}}},{"from":[12,3.5,7],"to":[12.25,4,8.25],"faces":{"north":{"uv":[12.25,12,12,12.5],"texture":"#0"},"east":{"uv":[12,12,12.25,12.5],"texture":"#0"},"south":{"uv":[12,12,12.25,12.5],"texture":"#0"},"west":{"uv":[12,12,12.25,12.5],"texture":"#0"},"up":{"uv":[12,12,12.25,12.25],"texture":"#0"},"down":{"uv":[12,12.25,12.25,12.5],"texture":"#0"}}},{"from":[4.75,2.75,7],"to":[5.25,3.75,8.25],"faces":{"north":{"uv":[5.25,12.25,4.75,13.25],"texture":"#0"},"east":{"uv":[5,12.25,5.25,13.25],"texture":"#0"},"south":{"uv":[4.75,12.25,5.25,13.25],"texture":"#0"},"west":{"uv":[4.75,12.25,5,13.25],"texture":"#0"},"up":{"uv":[4.75,12.25,5.25,12.5],"texture":"#0"},"down":{"uv":[4.75,13,5.25,13.25],"texture":"#0"}}},{"from":[9.75,2.75,7],"to":[10.25,3.75,8.25],"faces":{"north":{"uv":[10.25,12.25,9.75,13.25],"texture":"#0"},"east":{"uv":[10,12.25,10.25,13.25],"texture":"#0"},"south":{"uv":[9.75,12.25,10.25,13.25],"texture":"#0"},"west":{"uv":[9.75,12.25,10,13.25],"texture":"#0"},"up":{"uv":[9.75,12.25,10.25,12.5],"texture":"#0"},"down":{"uv":[9.75,13,10.25,13.25],"texture":"#0"}}},{"from":[11.25,3.25,7],"to":[12,3.75,8.25],"faces":{"north":{"uv":[12,12.25,11.25,12.75],"texture":"#0"},"east":{"uv":[11.75,12.25,12,12.75],"texture":"#0"},"south":{"uv":[11.25,12.25,12,12.75],"texture":"#0"},"west":{"uv":[11.25,12.25,11.5,12.75],"texture":"#0"},"up":{"uv":[11.25,12.25,12,12.5],"texture":"#0"},"down":{"uv":[11.25,12.5,12,12.75],"texture":"#0"}}},{"from":[2.25,3,7],"to":[2.75,3.5,8.25],"faces":{"north":{"uv":[2.75,12.5,2.25,13],"texture":"#0"},"east":{"uv":[2.5,12.5,2.75,13],"texture":"#0"},"south":{"uv":[2.25,12.5,2.75,13],"texture":"#0"},"west":{"uv":[2.25,12.5,2.5,13],"texture":"#0"},"up":{"uv":[2.25,12.5,2.75,12.75],"texture":"#0"},"down":{"uv":[2.25,12.75,2.75,13],"texture":"#0"}}},{"from":[5.25,2.75,7],"to":[5.75,3.5,8.25],"faces":{"north":{"uv":[5.75,12.5,5.25,13.25],"texture":"#0"},"east":{"uv":[5.5,12.5,5.75,13.25],"texture":"#0"},"south":{"uv":[5.25,12.5,5.75,13.25],"texture":"#0"},"west":{"uv":[5.25,12.5,5.5,13.25],"texture":"#0"},"up":{"uv":[5.25,12.5,5.75,12.75],"texture":"#0"},"down":{"uv":[5.25,13,5.75,13.25],"texture":"#0"}}},{"from":[9.25,3,7],"to":[9.75,3.5,8.25],"faces":{"north":{"uv":[9.75,12.5,9.25,13],"texture":"#0"},"east":{"uv":[9.5,12.5,9.75,13],"texture":"#0"},"south":{"uv":[9.25,12.5,9.75,13],"texture":"#0"},"west":{"uv":[9.25,12.5,9.5,13],"texture":"#0"},"up":{"uv":[9.25,12.5,9.75,12.75],"texture":"#0"},"down":{"uv":[9.25,12.75,9.75,13],"texture":"#0"}}},{"from":[5.75,1,7],"to":[6.5,3.25,8.25],"faces":{"north":{"uv":[6.5,12.75,5.75,15],"texture":"#0"},"east":{"uv":[6.25,12.75,6.5,15],"texture":"#0"},"south":{"uv":[5.75,12.75,6.5,15],"texture":"#0"},"west":{"uv":[5.75,12.75,6,15],"texture":"#0"},"up":{"uv":[5.75,12.75,6.5,13],"texture":"#0"},"down":{"uv":[5.75,14.75,6.5,15],"texture":"#0"}}},{"from":[8.5,1.25,7],"to":[9.25,3.25,8.25],"faces":{"north":{"uv":[9.25,12.75,8.5,14.75],"texture":"#0"},"east":{"uv":[9,12.75,9.25,14.75],"texture":"#0"},"south":{"uv":[8.5,12.75,9.25,14.75],"texture":"#0"},"west":{"uv":[8.5,12.75,8.75,14.75],"texture":"#0"},"up":{"uv":[8.5,12.75,9.25,13],"texture":"#0"},"down":{"uv":[8.5,14.5,9.25,14.75],"texture":"#0"}}},{"from":[11.25,3,7],"to":[11.75,3.25,8.25],"faces":{"north":{"uv":[11.75,12.75,11.25,13],"texture":"#0"},"east":{"uv":[11.5,12.75,11.75,13],"texture":"#0"},"south":{"uv":[11.25,12.75,11.75,13],"texture":"#0"},"west":{"uv":[11.25,12.75,11.5,13],"texture":"#0"},"up":{"uv":[11.25,12.75,11.75,13],"texture":"#0"},"down":{"uv":[11.25,12.75,11.75,13],"texture":"#0"}}},{"from":[2.5,2.75,7],"to":[2.75,3,8.25],"faces":{"north":{"uv":[2.75,13,2.5,13.25],"texture":"#0"},"east":{"uv":[2.5,13,2.75,13.25],"texture":"#0"},"south":{"uv":[2.5,13,2.75,13.25],"texture":"#0"},"west":{"uv":[2.5,13,2.75,13.25],"texture":"#0"},"up":{"uv":[2.5,13,2.75,13.25],"texture":"#0"},"down":{"uv":[2.5,13,2.75,13.25],"texture":"#0"}}},{"from":[6.5,2.5,7],"to":[8.5,3,8.25],"faces":{"north":{"uv":[8.5,13,6.5,13.5],"texture":"#0"},"east":{"uv":[8.25,13,8.5,13.5],"texture":"#0"},"south":{"uv":[6.5,13,8.5,13.5],"texture":"#0"},"west":{"uv":[6.5,13,6.75,13.5],"texture":"#0"},"up":{"uv":[6.5,13,8.5,13.25],"texture":"#0"},"down":{"uv":[6.5,13.25,8.5,13.5],"texture":"#0"}}},{"from":[9.25,2.75,7],"to":[9.5,3,8.25],"faces":{"north":{"uv":[9.5,13,9.25,13.25],"texture":"#0"},"east":{"uv":[9.25,13,9.5,13.25],"texture":"#0"},"south":{"uv":[9.25,13,9.5,13.25],"texture":"#0"},"west":{"uv":[9.25,13,9.5,13.25],"texture":"#0"},"up":{"uv":[9.25,13,9.5,13.25],"texture":"#0"},"down":{"uv":[9.25,13,9.5,13.25],"texture":"#0"}}},{"from":[10.5,2,7],"to":[10.75,3,8.25],"faces":{"north":{"uv":[10.75,13,10.5,14],"texture":"#0"},"east":{"uv":[10.5,13,10.75,14],"texture":"#0"},"south":{"uv":[10.5,13,10.75,14],"texture":"#0"},"west":{"uv":[10.5,13,10.75,14],"texture":"#0"},"up":{"uv":[10.5,13,10.75,13.25],"texture":"#0"},"down":{"uv":[10.5,13.75,10.75,14],"texture":"#0"}}},{"from":[11,2.75,7],"to":[11.5,3,8.25],"faces":{"north":{"uv":[11.5,13,11,13.25],"texture":"#0"},"east":{"uv":[11.25,13,11.5,13.25],"texture":"#0"},"south":{"uv":[11,13,11.5,13.25],"texture":"#0"},"west":{"uv":[11,13,11.25,13.25],"texture":"#0"},"up":{"uv":[11,13,11.5,13.25],"texture":"#0"},"down":{"uv":[11,13,11.5,13.25],"texture":"#0"}}},{"from":[4.75,1.25,7],"to":[5,2.75,8.25],"faces":{"north":{"uv":[5,13.25,4.75,14.75],"texture":"#0"},"east":{"uv":[4.75,13.25,5,14.75],"texture":"#0"},"south":{"uv":[4.75,13.25,5,14.75],"texture":"#0"},"west":{"uv":[4.75,13.25,5,14.75],"texture":"#0"},"up":{"uv":[4.75,13.25,5,13.5],"texture":"#0"},"down":{"uv":[4.75,14.5,5,14.75],"texture":"#0"}}},{"from":[10,1.75,7],"to":[10.25,2.75,8.25],"faces":{"north":{"uv":[10.25,13.25,10,14.25],"texture":"#0"},"east":{"uv":[10,13.25,10.25,14.25],"texture":"#0"},"south":{"uv":[10,13.25,10.25,14.25],"texture":"#0"},"west":{"uv":[10,13.25,10.25,14.25],"texture":"#0"},"up":{"uv":[10,13.25,10.25,13.5],"texture":"#0"},"down":{"uv":[10,14,10.25,14.25],"texture":"#0"}}},{"from":[10.75,2.5,7],"to":[11.25,2.75,8.25],"faces":{"north":{"uv":[11.25,13.25,10.75,13.5],"texture":"#0"},"east":{"uv":[11,13.25,11.25,13.5],"texture":"#0"},"south":{"uv":[10.75,13.25,11.25,13.5],"texture":"#0"},"west":{"uv":[10.75,13.25,11,13.5],"texture":"#0"},"up":{"uv":[10.75,13.25,11.25,13.5],"texture":"#0"},"down":{"uv":[10.75,13.25,11.25,13.5],"texture":"#0"}}},{"from":[7.25,1,7],"to":[7.75,2.5,8.25],"faces":{"north":{"uv":[7.75,13.5,7.25,15],"texture":"#0"},"east":{"uv":[7.5,13.5,7.75,15],"texture":"#0"},"south":{"uv":[7.25,13.5,7.75,15],"texture":"#0"},"west":{"uv":[7.25,13.5,7.5,15],"texture":"#0"},"up":{"uv":[7.25,13.5,7.75,13.75],"texture":"#0"},"down":{"uv":[7.25,14.75,7.75,15],"texture":"#0"}}},{"from":[10.75,2.25,7],"to":[11,2.5,8.25],"faces":{"north":{"uv":[11,13.5,10.75,13.75],"texture":"#0"},"east":{"uv":[10.75,13.5,11,13.75],"texture":"#0"},"south":{"uv":[10.75,13.5,11,13.75],"texture":"#0"},"west":{"uv":[10.75,13.5,11,13.75],"texture":"#0"},"up":{"uv":[10.75,13.5,11,13.75],"texture":"#0"},"down":{"uv":[10.75,13.5,11,13.75],"texture":"#0"}}},{"from":[9.25,1.25,7],"to":[9.5,2.25,8.25],"faces":{"north":{"uv":[9.5,13.75,9.25,14.75],"texture":"#0"},"east":{"uv":[9.25,13.75,9.5,14.75],"texture":"#0"},"south":{"uv":[9.25,13.75,9.5,14.75],"texture":"#0"},"west":{"uv":[9.25,13.75,9.5,14.75],"texture":"#0"},"up":{"uv":[9.25,13.75,9.5,14],"texture":"#0"},"down":{"uv":[9.25,14.5,9.5,14.75],"texture":"#0"}}},{"from":[5,1.25,7],"to":[5.75,2,8.25],"faces":{"north":{"uv":[5.75,14,5,14.75],"texture":"#0"},"east":{"uv":[5.5,14,5.75,14.75],"texture":"#0"},"south":{"uv":[5,14,5.75,14.75],"texture":"#0"},"west":{"uv":[5,14,5.25,14.75],"texture":"#0"},"up":{"uv":[5,14,5.75,14.25],"texture":"#0"},"down":{"uv":[5,14.5,5.75,14.75],"texture":"#0"}}},{"from":[9.5,1.5,7],"to":[10,2,8.25],"faces":{"north":{"uv":[10,14,9.5,14.5],"texture":"#0"},"east":{"uv":[9.75,14,10,14.5],"texture":"#0"},"south":{"uv":[9.5,14,10,14.5],"texture":"#0"},"west":{"uv":[9.5,14,9.75,14.5],"texture":"#0"},"up":{"uv":[9.5,14,10,14.25],"texture":"#0"},"down":{"uv":[9.5,14.25,10,14.5],"texture":"#0"}}},{"from":[6.5,1,7],"to":[7.25,1.75,8.25],"faces":{"north":{"uv":[7.25,14.25,6.5,15],"texture":"#0"},"east":{"uv":[7,14.25,7.25,15],"texture":"#0"},"south":{"uv":[6.5,14.25,7.25,15],"texture":"#0"},"west":{"uv":[6.5,14.25,6.75,15],"texture":"#0"},"up":{"uv":[6.5,14.25,7.25,14.5],"texture":"#0"},"down":{"uv":[6.5,14.75,7.25,15],"texture":"#0"}}},{"from":[7.75,1,7],"to":[8.5,1.75,8.25],"faces":{"north":{"uv":[8.5,14.25,7.75,15],"texture":"#0"},"east":{"uv":[8.25,14.25,8.5,15],"texture":"#0"},"south":{"uv":[7.75,14.25,8.5,15],"texture":"#0"},"west":{"uv":[7.75,14.25,8,15],"texture":"#0"},"up":{"uv":[7.75,14.25,8.5,14.5],"texture":"#0"},"down":{"uv":[7.75,14.75,8.5,15],"texture":"#0"}}},{"from":[5.5,1,7],"to":[5.75,1.25,8.25],"faces":{"north":{"uv":[5.75,14.75,5.5,15],"texture":"#0"},"east":{"uv":[5.5,14.75,5.75,15],"texture":"#0"},"south":{"uv":[5.5,14.75,5.75,15],"texture":"#0"},"west":{"uv":[5.5,14.75,5.75,15],"texture":"#0"},"up":{"uv":[5.5,14.75,5.75,15],"texture":"#0"},"down":{"uv":[5.5,14.75,5.75,15],"texture":"#0"}}},{"from":[8.5,1,7],"to":[8.75,1.25,8.25],"faces":{"north":{"uv":[8.75,14.75,8.5,15],"texture":"#0"},"east":{"uv":[8.5,14.75,8.75,15],"texture":"#0"},"south":{"uv":[8.5,14.75,8.75,15],"texture":"#0"},"west":{"uv":[8.5,14.75,8.75,15],"texture":"#0"},"up":{"uv":[8.5,14.75,8.75,15],"texture":"#0"},"down":{"uv":[8.5,14.75,8.75,15],"texture":"#0"}}}],"display":{"thirdperson_righthand":{"rotation":[-50,0,0],"translation":[2,0,-1.25],"scale":[0.5,0.5,1]},"thirdperson_lefthand":{"rotation":[-32,0,-101],"translation":[2.25,0.5,-0.25],"scale":[0.5,0.5,1]},"firstperson_righthand":{"rotation":[-70,-93,0],"translation":[-1,0,0]},"firstperson_lefthand":{"rotation":[0,-81,0],"translation":[0.5,0,0]},"ground":{"rotation":[0,-1,69],"translation":[0,3.5,0]},"gui":{"rotation":[-34,-27,7],"translation":[0.5,0,0]},"head":{"rotation":[0,1,86],"translation":[0,0,-5.75]}},"groups":[{"name":"gold-horseshoes","origin":[8,8,8],"color":0,"children":[0,1,2,3,4,5,6,7,8,9,10,11,12,13,14,15,16,17,18,19,20,21,22,23,24,25,26,27,28,29,30,31,32,33,34,35,36,37,38,39,40,41,42,43,44,45,46,47,48,49,50,51,52,53,54,55,56,57,58,59,60,61,62,63,64,65,66,67,68,69,70,71,72,73,74,75,76,77,78,79,80,81,82,83,84,85,86,87,88,89,90,91,92,93,94,95,96,97,98,99,100,101,102,103,104,105,106,107,108,109,110,111]}]}