{"credit":"Made with Blockbench","texture_size":[64,64],"textures":{"0":"block/custom/golden-hands-incas","particle":"block/custom/golden-hands-incas"},"elements":[{"from":[2.75,6.75,6],"to":[3.5,8.75,6.5],"faces":{"north":{"uv":[3.5,7.25,2.75,9.25],"texture":"#0"},"east":{"uv":[3.25,7.25,3.5,9.25],"texture":"#0"},"south":{"uv":[2.75,7.25,3.5,9.25],"texture":"#0"},"west":{"uv":[2.75,7.25,3,9.25],"texture":"#0"},"up":{"uv":[2.75,7.25,3.5,7.5],"texture":"#0"},"down":{"uv":[2.75,9,3.5,9.25],"texture":"#0"}}},{"from":[2.25,7.75,6],"to":[2.75,8.5,6.5],"faces":{"north":{"uv":[2.75,7.5,2.25,8.25],"texture":"#0"},"east":{"uv":[2.5,7.5,2.75,8.25],"texture":"#0"},"south":{"uv":[2.25,7.5,2.75,8.25],"texture":"#0"},"west":{"uv":[2.25,7.5,2.5,8.25],"texture":"#0"},"up":{"uv":[2.25,7.5,2.75,7.75],"texture":"#0"},"down":{"uv":[2.25,8,2.75,8.25],"texture":"#0"}}},{"from":[12.5,6.75,6],"to":[13.25,8.5,6.5],"faces":{"north":{"uv":[13.25,7.5,12.5,9.25],"texture":"#0"},"east":{"uv":[13,7.5,13.25,9.25],"texture":"#0"},"south":{"uv":[12.5,7.5,13.25,9.25],"texture":"#0"},"west":{"uv":[12.5,7.5,12.75,9.25],"texture":"#0"},"up":{"uv":[12.5,7.5,13.25,7.75],"texture":"#0"},"down":{"uv":[12.5,9,13.25,9.25],"texture":"#0"}}},{"from":[13.25,8.25,6],"to":[13.5,8.5,6.5],"faces":{"north":{"uv":[13.5,7.5,13.25,7.75],"texture":"#0"},"east":{"uv":[13.25,7.5,13.5,7.75],"texture":"#0"},"south":{"uv":[13.25,7.5,13.5,7.75],"texture":"#0"},"west":{"uv":[13.25,7.5,13.5,7.75],"texture":"#0"},"up":{"uv":[13.25,7.5,13.5,7.75],"texture":"#0"},"down":{"uv":[13.25,7.5,13.5,7.75],"texture":"#0"}}},{"from":[3.5,6.5,6],"to":[4,8.25,6.5],"faces":{"north":{"uv":[4,7.75,3.5,9.5],"texture":"#0"},"east":{"uv":[3.75,7.75,4,9.5],"texture":"#0"},"south":{"uv":[3.5,7.75,4,9.5],"texture":"#0"},"west":{"uv":[3.5,7.75,3.75,9.5],"texture":"#0"},"up":{"uv":[3.5,7.75,4,8],"texture":"#0"},"down":{"uv":[3.5,9.25,4,9.5],"texture":"#0"}}},{"from":[12.25,7.25,6],"to":[12.5,8.25,6.5],"faces":{"north":{"uv":[12.5,7.75,12.25,8.75],"texture":"#0"},"east":{"uv":[12.25,7.75,12.5,8.75],"texture":"#0"},"south":{"uv":[12.25,7.75,12.5,8.75],"texture":"#0"},"west":{"uv":[12.25,7.75,12.5,8.75],"texture":"#0"},"up":{"uv":[12.25,7.75,12.5,8],"texture":"#0"},"down":{"uv":[12.25,8.5,12.5,8.75],"texture":"#0"}}},{"from":[4,6.25,6],"to":[4.5,8,6.5],"faces":{"north":{"uv":[4.5,8,4,9.75],"texture":"#0"},"east":{"uv":[4.25,8,4.5,9.75],"texture":"#0"},"south":{"uv":[4,8,4.5,9.75],"texture":"#0"},"west":{"uv":[4,8,4.25,9.75],"texture":"#0"},"up":{"uv":[4,8,4.5,8.25],"texture":"#0"},"down":{"uv":[4,9.5,4.5,9.75],"texture":"#0"}}},{"from":[11.75,7.25,6],"to":[12.25,8,6.5],"faces":{"north":{"uv":[12.25,8,11.75,8.75],"texture":"#0"},"east":{"uv":[12,8,12.25,8.75],"texture":"#0"},"south":{"uv":[11.75,8,12.25,8.75],"texture":"#0"},"west":{"uv":[11.75,8,12,8.75],"texture":"#0"},"up":{"uv":[11.75,8,12.25,8.25],"texture":"#0"},"down":{"uv":[11.75,8.5,12.25,8.75],"texture":"#0"}}},{"from":[2.5,6.25,6],"to":[2.75,7.75,6.5],"faces":{"north":{"uv":[2.75,8.25,2.5,9.75],"texture":"#0"},"east":{"uv":[2.5,8.25,2.75,9.75],"texture":"#0"},"south":{"uv":[2.5,8.25,2.75,9.75],"texture":"#0"},"west":{"uv":[2.5,8.25,2.75,9.75],"texture":"#0"},"up":{"uv":[2.5,8.25,2.75,8.5],"texture":"#0"},"down":{"uv":[2.5,9.5,2.75,9.75],"texture":"#0"}}},{"from":[4.5,6.75,6],"to":[5,7.75,6.5],"faces":{"north":{"uv":[5,8.25,4.5,9.25],"texture":"#0"},"east":{"uv":[4.75,8.25,5,9.25],"texture":"#0"},"south":{"uv":[4.5,8.25,5,9.25],"texture":"#0"},"west":{"uv":[4.5,8.25,4.75,9.25],"texture":"#0"},"up":{"uv":[4.5,8.25,5,8.5],"texture":"#0"},"down":{"uv":[4.5,9,5,9.25],"texture":"#0"}}},{"from":[11.25,5.75,6],"to":[11.75,7.75,6.5],"faces":{"north":{"uv":[11.75,8.25,11.25,10.25],"texture":"#0"},"east":{"uv":[11.5,8.25,11.75,10.25],"texture":"#0"},"south":{"uv":[11.25,8.25,11.75,10.25],"texture":"#0"},"west":{"uv":[11.25,8.25,11.5,10.25],"texture":"#0"},"up":{"uv":[11.25,8.25,11.75,8.5],"texture":"#0"},"down":{"uv":[11.25,10,11.75,10.25],"texture":"#0"}}},{"from":[13.25,6.75,6],"to":[13.5,7.75,6.5],"faces":{"north":{"uv":[13.5,8.25,13.25,9.25],"texture":"#0"},"east":{"uv":[13.25,8.25,13.5,9.25],"texture":"#0"},"south":{"uv":[13.25,8.25,13.5,9.25],"texture":"#0"},"west":{"uv":[13.25,8.25,13.5,9.25],"texture":"#0"},"up":{"uv":[13.25,8.25,13.5,8.5],"texture":"#0"},"down":{"uv":[13.25,9,13.5,9.25],"texture":"#0"}}},{"from":[13.75,7.5,6],"to":[14.25,7.75,6.5],"faces":{"north":{"uv":[14.25,8.25,13.75,8.5],"texture":"#0"},"east":{"uv":[14,8.25,14.25,8.5],"texture":"#0"},"south":{"uv":[13.75,8.25,14.25,8.5],"texture":"#0"},"west":{"uv":[13.75,8.25,14,8.5],"texture":"#0"},"up":{"uv":[13.75,8.25,14.25,8.5],"texture":"#0"},"down":{"uv":[13.75,8.25,14.25,8.5],"texture":"#0"}}},{"from":[5,6,6],"to":[5.25,7.5,6.5],"faces":{"north":{"uv":[5.25,8.5,5,10],"texture":"#0"},"east":{"uv":[5,8.5,5.25,10],"texture":"#0"},"south":{"uv":[5,8.5,5.25,10],"texture":"#0"},"west":{"uv":[5,8.5,5.25,10],"texture":"#0"},"up":{"uv":[5,8.5,5.25,8.75],"texture":"#0"},"down":{"uv":[5,9.75,5.25,10],"texture":"#0"}}},{"from":[10.75,5.75,6],"to":[11.25,7.5,6.5],"faces":{"north":{"uv":[11.25,8.5,10.75,10.25],"texture":"#0"},"east":{"uv":[11,8.5,11.25,10.25],"texture":"#0"},"south":{"uv":[10.75,8.5,11.25,10.25],"texture":"#0"},"west":{"uv":[10.75,8.5,11,10.25],"texture":"#0"},"up":{"uv":[10.75,8.5,11.25,8.75],"texture":"#0"},"down":{"uv":[10.75,10,11.25,10.25],"texture":"#0"}}},{"from":[13.5,6.75,6],"to":[14,7.5,6.5],"faces":{"north":{"uv":[14,8.5,13.5,9.25],"texture":"#0"},"east":{"uv":[13.75,8.5,14,9.25],"texture":"#0"},"south":{"uv":[13.5,8.5,14,9.25],"texture":"#0"},"west":{"uv":[13.5,8.5,13.75,9.25],"texture":"#0"},"up":{"uv":[13.5,8.5,14,8.75],"texture":"#0"},"down":{"uv":[13.5,9,14,9.25],"texture":"#0"}}},{"from":[5.25,5.75,6],"to":[5.75,7.25,6.5],"faces":{"north":{"uv":[5.75,8.75,5.25,10.25],"texture":"#0"},"east":{"uv":[5.5,8.75,5.75,10.25],"texture":"#0"},"south":{"uv":[5.25,8.75,5.75,10.25],"texture":"#0"},"west":{"uv":[5.25,8.75,5.5,10.25],"texture":"#0"},"up":{"uv":[5.25,8.75,5.75,9],"texture":"#0"},"down":{"uv":[5.25,10,5.75,10.25],"texture":"#0"}}},{"from":[10.5,5,6],"to":[10.75,7.25,6.5],"faces":{"north":{"uv":[10.75,8.75,10.5,11],"texture":"#0"},"east":{"uv":[10.5,8.75,10.75,11],"texture":"#0"},"south":{"uv":[10.5,8.75,10.75,11],"texture":"#0"},"west":{"uv":[10.5,8.75,10.75,11],"texture":"#0"},"up":{"uv":[10.5,8.75,10.75,9],"texture":"#0"},"down":{"uv":[10.5,10.75,10.75,11],"texture":"#0"}}},{"from":[11.75,6,6],"to":[12,7.25,6.5],"faces":{"north":{"uv":[12,8.75,11.75,10],"texture":"#0"},"east":{"uv":[11.75,8.75,12,10],"texture":"#0"},"south":{"uv":[11.75,8.75,12,10],"texture":"#0"},"west":{"uv":[11.75,8.75,12,10],"texture":"#0"},"up":{"uv":[11.75,8.75,12,9],"texture":"#0"},"down":{"uv":[11.75,9.75,12,10],"texture":"#0"}}},{"from":[5.75,5,6],"to":[6.25,7,6.5],"faces":{"north":{"uv":[6.25,9,5.75,11],"texture":"#0"},"east":{"uv":[6,9,6.25,11],"texture":"#0"},"south":{"uv":[5.75,9,6.25,11],"texture":"#0"},"west":{"uv":[5.75,9,6,11],"texture":"#0"},"up":{"uv":[5.75,9,6.25,9.25],"texture":"#0"},"down":{"uv":[5.75,10.75,6.25,11],"texture":"#0"}}},{"from":[10.25,5.25,6],"to":[10.5,7,6.5],"faces":{"north":{"uv":[10.5,9,10.25,10.75],"texture":"#0"},"east":{"uv":[10.25,9,10.5,10.75],"texture":"#0"},"south":{"uv":[10.25,9,10.5,10.75],"texture":"#0"},"west":{"uv":[10.25,9,10.5,10.75],"texture":"#0"},"up":{"uv":[10.25,9,10.5,9.25],"texture":"#0"},"down":{"uv":[10.25,10.5,10.5,10.75],"texture":"#0"}}},{"from":[12,6.25,6],"to":[12.25,7,6.5],"faces":{"north":{"uv":[12.25,9,12,9.75],"texture":"#0"},"east":{"uv":[12,9,12.25,9.75],"texture":"#0"},"south":{"uv":[12,9,12.25,9.75],"texture":"#0"},"west":{"uv":[12,9,12.25,9.75],"texture":"#0"},"up":{"uv":[12,9,12.25,9.25],"texture":"#0"},"down":{"uv":[12,9.5,12.25,9.75],"texture":"#0"}}},{"from":[2.75,5.25,6],"to":[3,6.75,6.5],"faces":{"north":{"uv":[3,9.25,2.75,10.75],"texture":"#0"},"east":{"uv":[2.75,9.25,3,10.75],"texture":"#0"},"south":{"uv":[2.75,9.25,3,10.75],"texture":"#0"},"west":{"uv":[2.75,9.25,3,10.75],"texture":"#0"},"up":{"uv":[2.75,9.25,3,9.5],"texture":"#0"},"down":{"uv":[2.75,10.5,3,10.75],"texture":"#0"}}},{"from":[10,5,6],"to":[10.25,6.75,6.5],"faces":{"north":{"uv":[10.25,9.25,10,11],"texture":"#0"},"east":{"uv":[10,9.25,10.25,11],"texture":"#0"},"south":{"uv":[10,9.25,10.25,11],"texture":"#0"},"west":{"uv":[10,9.25,10.25,11],"texture":"#0"},"up":{"uv":[10,9.25,10.25,9.5],"texture":"#0"},"down":{"uv":[10,10.75,10.25,11],"texture":"#0"}}},{"from":[4.5,5.25,6],"to":[5,6.5,6.5],"faces":{"north":{"uv":[5,9.5,4.5,10.75],"texture":"#0"},"east":{"uv":[4.75,9.5,5,10.75],"texture":"#0"},"south":{"uv":[4.5,9.5,5,10.75],"texture":"#0"},"west":{"uv":[4.5,9.5,4.75,10.75],"texture":"#0"},"up":{"uv":[4.5,9.5,5,9.75],"texture":"#0"},"down":{"uv":[4.5,10.5,5,10.75],"texture":"#0"}}},{"from":[6.25,5.5,6],"to":[6.75,6.5,6.5],"faces":{"north":{"uv":[6.75,9.5,6.25,10.5],"texture":"#0"},"east":{"uv":[6.5,9.5,6.75,10.5],"texture":"#0"},"south":{"uv":[6.25,9.5,6.75,10.5],"texture":"#0"},"west":{"uv":[6.25,9.5,6.5,10.5],"texture":"#0"},"up":{"uv":[6.25,9.5,6.75,9.75],"texture":"#0"},"down":{"uv":[6.25,10.25,6.75,10.5],"texture":"#0"}}},{"from":[9.75,4.75,6],"to":[10,6.5,6.5],"faces":{"north":{"uv":[10,9.5,9.75,11.25],"texture":"#0"},"east":{"uv":[9.75,9.5,10,11.25],"texture":"#0"},"south":{"uv":[9.75,9.5,10,11.25],"texture":"#0"},"west":{"uv":[9.75,9.5,10,11.25],"texture":"#0"},"up":{"uv":[9.75,9.5,10,9.75],"texture":"#0"},"down":{"uv":[9.75,11,10,11.25],"texture":"#0"}}},{"from":[4.25,5.75,6],"to":[4.5,6.25,6.5],"faces":{"north":{"uv":[4.5,9.75,4.25,10.25],"texture":"#0"},"east":{"uv":[4.25,9.75,4.5,10.25],"texture":"#0"},"south":{"uv":[4.25,9.75,4.5,10.25],"texture":"#0"},"west":{"uv":[4.25,9.75,4.5,10.25],"texture":"#0"},"up":{"uv":[4.25,9.75,4.5,10],"texture":"#0"},"down":{"uv":[4.25,10,4.5,10.25],"texture":"#0"}}},{"from":[6.75,5.25,6],"to":[7,6.25,6.5],"faces":{"north":{"uv":[7,9.75,6.75,10.75],"texture":"#0"},"east":{"uv":[6.75,9.75,7,10.75],"texture":"#0"},"south":{"uv":[6.75,9.75,7,10.75],"texture":"#0"},"west":{"uv":[6.75,9.75,7,10.75],"texture":"#0"},"up":{"uv":[6.75,9.75,7,10],"texture":"#0"},"down":{"uv":[6.75,10.5,7,10.75],"texture":"#0"}}},{"from":[9.5,4.5,6],"to":[9.75,6.25,6.5],"faces":{"north":{"uv":[9.75,9.75,9.5,11.5],"texture":"#0"},"east":{"uv":[9.5,9.75,9.75,11.5],"texture":"#0"},"south":{"uv":[9.5,9.75,9.75,11.5],"texture":"#0"},"west":{"uv":[9.5,9.75,9.75,11.5],"texture":"#0"},"up":{"uv":[9.5,9.75,9.75,10],"texture":"#0"},"down":{"uv":[9.5,11.25,9.75,11.5],"texture":"#0"}}},{"from":[13.5,5.5,6],"to":[13.75,6.25,6.5],"faces":{"north":{"uv":[13.75,9.75,13.5,10.5],"texture":"#0"},"east":{"uv":[13.5,9.75,13.75,10.5],"texture":"#0"},"south":{"uv":[13.5,9.75,13.75,10.5],"texture":"#0"},"west":{"uv":[13.5,9.75,13.75,10.5],"texture":"#0"},"up":{"uv":[13.5,9.75,13.75,10],"texture":"#0"},"down":{"uv":[13.5,10.25,13.75,10.5],"texture":"#0"}}},{"from":[7,5,6],"to":[7.25,6,6.5],"faces":{"north":{"uv":[7.25,10,7,11],"texture":"#0"},"east":{"uv":[7,10,7.25,11],"texture":"#0"},"south":{"uv":[7,10,7.25,11],"texture":"#0"},"west":{"uv":[7,10,7.25,11],"texture":"#0"},"up":{"uv":[7,10,7.25,10.25],"texture":"#0"},"down":{"uv":[7,10.75,7.25,11],"texture":"#0"}}},{"from":[9.25,4.75,6],"to":[9.5,6,6.5],"faces":{"north":{"uv":[9.5,10,9.25,11.25],"texture":"#0"},"east":{"uv":[9.25,10,9.5,11.25],"texture":"#0"},"south":{"uv":[9.25,10,9.5,11.25],"texture":"#0"},"west":{"uv":[9.25,10,9.5,11.25],"texture":"#0"},"up":{"uv":[9.25,10,9.5,10.25],"texture":"#0"},"down":{"uv":[9.25,11,9.5,11.25],"texture":"#0"}}},{"from":[13.25,4.75,6],"to":[13.5,6,6.5],"faces":{"north":{"uv":[13.5,10,13.25,11.25],"texture":"#0"},"east":{"uv":[13.25,10,13.5,11.25],"texture":"#0"},"south":{"uv":[13.25,10,13.5,11.25],"texture":"#0"},"west":{"uv":[13.25,10,13.5,11.25],"texture":"#0"},"up":{"uv":[13.25,10,13.5,10.25],"texture":"#0"},"down":{"uv":[13.25,11,13.5,11.25],"texture":"#0"}}},{"from":[3,4.75,6],"to":[3.25,5.75,6.5],"faces":{"north":{"uv":[3.25,10.25,3,11.25],"texture":"#0"},"east":{"uv":[3,10.25,3.25,11.25],"texture":"#0"},"south":{"uv":[3,10.25,3.25,11.25],"texture":"#0"},"west":{"uv":[3,10.25,3.25,11.25],"texture":"#0"},"up":{"uv":[3,10.25,3.25,10.5],"texture":"#0"},"down":{"uv":[3,11,3.25,11.25],"texture":"#0"}}},{"from":[5.5,5.5,6],"to":[5.75,5.75,6.5],"faces":{"north":{"uv":[5.75,10.25,5.5,10.5],"texture":"#0"},"east":{"uv":[5.5,10.25,5.75,10.5],"texture":"#0"},"south":{"uv":[5.5,10.25,5.75,10.5],"texture":"#0"},"west":{"uv":[5.5,10.25,5.75,10.5],"texture":"#0"},"up":{"uv":[5.5,10.25,5.75,10.5],"texture":"#0"},"down":{"uv":[5.5,10.25,5.75,10.5],"texture":"#0"}}},{"from":[7.25,5,6],"to":[7.5,5.75,6.5],"faces":{"north":{"uv":[7.5,10.25,7.25,11],"texture":"#0"},"east":{"uv":[7.25,10.25,7.5,11],"texture":"#0"},"south":{"uv":[7.25,10.25,7.5,11],"texture":"#0"},"west":{"uv":[7.25,10.25,7.5,11],"texture":"#0"},"up":{"uv":[7.25,10.25,7.5,10.5],"texture":"#0"},"down":{"uv":[7.25,10.75,7.5,11],"texture":"#0"}}},{"from":[9,5,6],"to":[9.25,5.75,6.5],"faces":{"north":{"uv":[9.25,10.25,9,11],"texture":"#0"},"east":{"uv":[9,10.25,9.25,11],"texture":"#0"},"south":{"uv":[9,10.25,9.25,11],"texture":"#0"},"west":{"uv":[9,10.25,9.25,11],"texture":"#0"},"up":{"uv":[9,10.25,9.25,10.5],"texture":"#0"},"down":{"uv":[9,10.75,9.25,11],"texture":"#0"}}},{"from":[11.25,5.25,6],"to":[11.5,5.75,6.5],"faces":{"north":{"uv":[11.5,10.25,11.25,10.75],"texture":"#0"},"east":{"uv":[11.25,10.25,11.5,10.75],"texture":"#0"},"south":{"uv":[11.25,10.25,11.5,10.75],"texture":"#0"},"west":{"uv":[11.25,10.25,11.5,10.75],"texture":"#0"},"up":{"uv":[11.25,10.25,11.5,10.5],"texture":"#0"},"down":{"uv":[11.25,10.5,11.5,10.75],"texture":"#0"}}},{"from":[5,4.5,6],"to":[5.25,5.5,6.5],"faces":{"north":{"uv":[5.25,10.5,5,11.5],"texture":"#0"},"east":{"uv":[5,10.5,5.25,11.5],"texture":"#0"},"south":{"uv":[5,10.5,5.25,11.5],"texture":"#0"},"west":{"uv":[5,10.5,5.25,11.5],"texture":"#0"},"up":{"uv":[5,10.5,5.25,10.75],"texture":"#0"},"down":{"uv":[5,11.25,5.25,11.5],"texture":"#0"}}},{"from":[6.25,4.25,6],"to":[6.5,5.5,6.5],"faces":{"north":{"uv":[6.5,10.5,6.25,11.75],"texture":"#0"},"east":{"uv":[6.25,10.5,6.5,11.75],"texture":"#0"},"south":{"uv":[6.25,10.5,6.5,11.75],"texture":"#0"},"west":{"uv":[6.25,10.5,6.5,11.75],"texture":"#0"},"up":{"uv":[6.25,10.5,6.5,10.75],"texture":"#0"},"down":{"uv":[6.25,11.5,6.5,11.75],"texture":"#0"}}},{"from":[7.5,5,6],"to":[7.75,5.5,6.5],"faces":{"north":{"uv":[7.75,10.5,7.5,11],"texture":"#0"},"east":{"uv":[7.5,10.5,7.75,11],"texture":"#0"},"south":{"uv":[7.5,10.5,7.75,11],"texture":"#0"},"west":{"uv":[7.5,10.5,7.75,11],"texture":"#0"},"up":{"uv":[7.5,10.5,7.75,10.75],"texture":"#0"},"down":{"uv":[7.5,10.75,7.75,11],"texture":"#0"}}},{"from":[10.75,5,6],"to":[11,5.5,6.5],"faces":{"north":{"uv":[11,10.5,10.75,11],"texture":"#0"},"east":{"uv":[10.75,10.5,11,11],"texture":"#0"},"south":{"uv":[10.75,10.5,11,11],"texture":"#0"},"west":{"uv":[10.75,10.5,11,11],"texture":"#0"},"up":{"uv":[10.75,10.5,11,10.75],"texture":"#0"},"down":{"uv":[10.75,10.75,11,11],"texture":"#0"}}},{"from":[13,4.25,6],"to":[13.25,5.5,6.5],"faces":{"north":{"uv":[13.25,10.5,13,11.75],"texture":"#0"},"east":{"uv":[13,10.5,13.25,11.75],"texture":"#0"},"south":{"uv":[13,10.5,13.25,11.75],"texture":"#0"},"west":{"uv":[13,10.5,13.25,11.75],"texture":"#0"},"up":{"uv":[13,10.5,13.25,10.75],"texture":"#0"},"down":{"uv":[13,11.5,13.25,11.75],"texture":"#0"}}},{"from":[3.25,4.25,6],"to":[3.5,5.25,6.5],"faces":{"north":{"uv":[3.5,10.75,3.25,11.75],"texture":"#0"},"east":{"uv":[3.25,10.75,3.5,11.75],"texture":"#0"},"south":{"uv":[3.25,10.75,3.5,11.75],"texture":"#0"},"west":{"uv":[3.25,10.75,3.5,11.75],"texture":"#0"},"up":{"uv":[3.25,10.75,3.5,11],"texture":"#0"},"down":{"uv":[3.25,11.5,3.5,11.75],"texture":"#0"}}},{"from":[4.75,4.75,6],"to":[5,5.25,6.5],"faces":{"north":{"uv":[5,10.75,4.75,11.25],"texture":"#0"},"east":{"uv":[4.75,10.75,5,11.25],"texture":"#0"},"south":{"uv":[4.75,10.75,5,11.25],"texture":"#0"},"west":{"uv":[4.75,10.75,5,11.25],"texture":"#0"},"up":{"uv":[4.75,10.75,5,11],"texture":"#0"},"down":{"uv":[4.75,11,5,11.25],"texture":"#0"}}},{"from":[7.75,5,6],"to":[8,5.25,6.5],"faces":{"north":{"uv":[8,10.75,7.75,11],"texture":"#0"},"east":{"uv":[7.75,10.75,8,11],"texture":"#0"},"south":{"uv":[7.75,10.75,8,11],"texture":"#0"},"west":{"uv":[7.75,10.75,8,11],"texture":"#0"},"up":{"uv":[7.75,10.75,8,11],"texture":"#0"},"down":{"uv":[7.75,10.75,8,11],"texture":"#0"}}},{"from":[5.25,4.25,6],"to":[5.5,5,6.5],"faces":{"north":{"uv":[5.5,11,5.25,11.75],"texture":"#0"},"east":{"uv":[5.25,11,5.5,11.75],"texture":"#0"},"south":{"uv":[5.25,11,5.5,11.75],"texture":"#0"},"west":{"uv":[5.25,11,5.5,11.75],"texture":"#0"},"up":{"uv":[5.25,11,5.5,11.25],"texture":"#0"},"down":{"uv":[5.25,11.5,5.5,11.75],"texture":"#0"}}},{"from":[6,4.75,6],"to":[6.25,5,6.5],"faces":{"north":{"uv":[6.25,11,6,11.25],"texture":"#0"},"east":{"uv":[6,11,6.25,11.25],"texture":"#0"},"south":{"uv":[6,11,6.25,11.25],"texture":"#0"},"west":{"uv":[6,11,6.25,11.25],"texture":"#0"},"up":{"uv":[6,11,6.25,11.25],"texture":"#0"},"down":{"uv":[6,11,6.25,11.25],"texture":"#0"}}},{"from":[6.5,4.25,6],"to":[6.75,5,6.5],"faces":{"north":{"uv":[6.75,11,6.5,11.75],"texture":"#0"},"east":{"uv":[6.5,11,6.75,11.75],"texture":"#0"},"south":{"uv":[6.5,11,6.75,11.75],"texture":"#0"},"west":{"uv":[6.5,11,6.75,11.75],"texture":"#0"},"up":{"uv":[6.5,11,6.75,11.25],"texture":"#0"},"down":{"uv":[6.5,11.5,6.75,11.75],"texture":"#0"}}},{"from":[12.75,4,6],"to":[13,5,6.5],"faces":{"north":{"uv":[13,11,12.75,12],"texture":"#0"},"east":{"uv":[12.75,11,13,12],"texture":"#0"},"south":{"uv":[12.75,11,13,12],"texture":"#0"},"west":{"uv":[12.75,11,13,12],"texture":"#0"},"up":{"uv":[12.75,11,13,11.25],"texture":"#0"},"down":{"uv":[12.75,11.75,13,12],"texture":"#0"}}},{"from":[3.5,3.75,6],"to":[3.75,4.75,6.5],"faces":{"north":{"uv":[3.75,11.25,3.5,12.25],"texture":"#0"},"east":{"uv":[3.5,11.25,3.75,12.25],"texture":"#0"},"south":{"uv":[3.5,11.25,3.75,12.25],"texture":"#0"},"west":{"uv":[3.5,11.25,3.75,12.25],"texture":"#0"},"up":{"uv":[3.5,11.25,3.75,11.5],"texture":"#0"},"down":{"uv":[3.5,12,3.75,12.25],"texture":"#0"}}},{"from":[6.75,4,6],"to":[7,4.5,6.5],"faces":{"north":{"uv":[7,11.5,6.75,12],"texture":"#0"},"east":{"uv":[6.75,11.5,7,12],"texture":"#0"},"south":{"uv":[6.75,11.5,7,12],"texture":"#0"},"west":{"uv":[6.75,11.5,7,12],"texture":"#0"},"up":{"uv":[6.75,11.5,7,11.75],"texture":"#0"},"down":{"uv":[6.75,11.75,7,12],"texture":"#0"}}},{"from":[12.5,4,6],"to":[12.75,4.5,6.5],"faces":{"north":{"uv":[12.75,11.5,12.5,12],"texture":"#0"},"east":{"uv":[12.5,11.5,12.75,12],"texture":"#0"},"south":{"uv":[12.5,11.5,12.75,12],"texture":"#0"},"west":{"uv":[12.5,11.5,12.75,12],"texture":"#0"},"up":{"uv":[12.5,11.5,12.75,11.75],"texture":"#0"},"down":{"uv":[12.5,11.75,12.75,12],"texture":"#0"}}},{"from":[3.75,4,6],"to":[4,4.25,6.5],"faces":{"north":{"uv":[4,11.75,3.75,12],"texture":"#0"},"east":{"uv":[3.75,11.75,4,12],"texture":"#0"},"south":{"uv":[3.75,11.75,4,12],"texture":"#0"},"west":{"uv":[3.75,11.75,4,12],"texture":"#0"},"up":{"uv":[3.75,11.75,4,12],"texture":"#0"},"down":{"uv":[3.75,11.75,4,12],"texture":"#0"}}}],"display":{"thirdperson_righthand":{"translation":[-0.25,0.75,1.5]},"thirdperson_lefthand":{"translation":[0,0,1.75]},"firstperson_righthand":{"translation":[4,1.5,0]},"firstperson_lefthand":{"translation":[2.5,1.75,0.5]},"ground":{"translation":[0,0.75,0]},"gui":{"rotation":[12,-17,-12],"translation":[0,0.75,0],"scale":[1.2,1.2,1]},"head":{"translation":[0,5.75,-4.5]},"fixed":{"translation":[-0.5,1.5,1.5],"scale":[1.5,1.5,1]}},"groups":[{"name":"golden-hands-incas","origin":[8,8,8],"color":0,"children":[0,1,2,3,4,5,6,7,8,9,10,11,12,13,14,15,16,17,18,19,20,21,22,23,24,25,26,27,28,29,30,31,32,33,34,35,36,37,38,39,40,41,42,43,44,45,46,47,48,49,50,51,52,53,54]}]}