{"credit":"Made with Blockbench","textures":{"0":"block/custom/guitar","particle":"block/custom/guitar"},"elements":[{"from":[7.5,14,6],"to":[8.5,15.75,7.25],"faces":{"north":{"uv":[8.5,0.25,7.5,2],"texture":"#0"},"east":{"uv":[8.25,0.25,8.5,2],"texture":"#0"},"south":{"uv":[7.5,0.25,8.5,2],"texture":"#0"},"west":{"uv":[7.5,0.25,7.75,2],"texture":"#0"},"up":{"uv":[7.5,0.25,8.5,0.5],"texture":"#0"},"down":{"uv":[7.5,1.75,8.5,2],"texture":"#0"}}},{"from":[7.75,0.25,6],"to":[8.25,14,7.25],"faces":{"north":{"uv":[8.25,2,7.75,15.75],"texture":"#0"},"east":{"uv":[8,2,8.25,15.75],"texture":"#0"},"south":{"uv":[7.75,2,8.25,15.75],"texture":"#0"},"west":{"uv":[7.75,2,8,15.75],"texture":"#0"},"up":{"uv":[7.75,2,8.25,2.25],"texture":"#0"},"down":{"uv":[7.75,15.5,8.25,15.75],"texture":"#0"}}},{"from":[8.25,13.75,6],"to":[8.5,14,7.25],"faces":{"north":{"uv":[8.5,2,8.25,2.25],"texture":"#0"},"east":{"uv":[8.25,2,8.5,2.25],"texture":"#0"},"south":{"uv":[8.25,2,8.5,2.25],"texture":"#0"},"west":{"uv":[8.25,2,8.5,2.25],"texture":"#0"},"up":{"uv":[8.25,2,8.5,2.25],"texture":"#0"},"down":{"uv":[8.25,2,8.5,2.25],"texture":"#0"}}},{"from":[7,0.25,6],"to":[7.75,8.25,7.25],"faces":{"north":{"uv":[7.75,7.75,7,15.75],"texture":"#0"},"east":{"uv":[7.5,7.75,7.75,15.75],"texture":"#0"},"south":{"uv":[7,7.75,7.75,15.75],"texture":"#0"},"west":{"uv":[7,7.75,7.25,15.75],"texture":"#0"},"up":{"uv":[7,7.75,7.75,8],"texture":"#0"},"down":{"uv":[7,15.5,7.75,15.75],"texture":"#0"}}},{"from":[8.25,0.25,6],"to":[8.75,8.25,7.25],"faces":{"north":{"uv":[8.75,7.75,8.25,15.75],"texture":"#0"},"east":{"uv":[8.5,7.75,8.75,15.75],"texture":"#0"},"south":{"uv":[8.25,7.75,8.75,15.75],"texture":"#0"},"west":{"uv":[8.25,7.75,8.5,15.75],"texture":"#0"},"up":{"uv":[8.25,7.75,8.75,8],"texture":"#0"},"down":{"uv":[8.25,15.5,8.75,15.75],"texture":"#0"}}},{"from":[6.5,0.5,6],"to":[7,8,7.25],"faces":{"north":{"uv":[7,8,6.5,15.5],"texture":"#0"},"east":{"uv":[6.75,8,7,15.5],"texture":"#0"},"south":{"uv":[6.5,8,7,15.5],"texture":"#0"},"west":{"uv":[6.5,8,6.75,15.5],"texture":"#0"},"up":{"uv":[6.5,8,7,8.25],"texture":"#0"},"down":{"uv":[6.5,15.25,7,15.5],"texture":"#0"}}},{"from":[8.75,0.5,6],"to":[9.5,8,7.25],"faces":{"north":{"uv":[9.5,8,8.75,15.5],"texture":"#0"},"east":{"uv":[9.25,8,9.5,15.5],"texture":"#0"},"south":{"uv":[8.75,8,9.5,15.5],"texture":"#0"},"west":{"uv":[8.75,8,9,15.5],"texture":"#0"},"up":{"uv":[8.75,8,9.5,8.25],"texture":"#0"},"down":{"uv":[8.75,15.25,9.5,15.5],"texture":"#0"}}},{"from":[6.25,0.5,6],"to":[6.5,7.75,7.25],"faces":{"north":{"uv":[6.5,8.25,6.25,15.5],"texture":"#0"},"east":{"uv":[6.25,8.25,6.5,15.5],"texture":"#0"},"south":{"uv":[6.25,8.25,6.5,15.5],"texture":"#0"},"west":{"uv":[6.25,8.25,6.5,15.5],"texture":"#0"},"up":{"uv":[6.25,8.25,6.5,8.5],"texture":"#0"},"down":{"uv":[6.25,15.25,6.5,15.5],"texture":"#0"}}},{"from":[9.5,0.75,6],"to":[9.75,7.75,7.25],"faces":{"north":{"uv":[9.75,8.25,9.5,15.25],"texture":"#0"},"east":{"uv":[9.5,8.25,9.75,15.25],"texture":"#0"},"south":{"uv":[9.5,8.25,9.75,15.25],"texture":"#0"},"west":{"uv":[9.5,8.25,9.75,15.25],"texture":"#0"},"up":{"uv":[9.5,8.25,9.75,8.5],"texture":"#0"},"down":{"uv":[9.5,15,9.75,15.25],"texture":"#0"}}},{"from":[6,5.5,6],"to":[6.25,7.5,7.25],"faces":{"north":{"uv":[6.25,8.5,6,10.5],"texture":"#0"},"east":{"uv":[6,8.5,6.25,10.5],"texture":"#0"},"south":{"uv":[6,8.5,6.25,10.5],"texture":"#0"},"west":{"uv":[6,8.5,6.25,10.5],"texture":"#0"},"up":{"uv":[6,8.5,6.25,8.75],"texture":"#0"},"down":{"uv":[6,10.25,6.25,10.5],"texture":"#0"}}},{"from":[9.75,5.75,6],"to":[10,7.5,7.25],"faces":{"north":{"uv":[10,8.5,9.75,10.25],"texture":"#0"},"east":{"uv":[9.75,8.5,10,10.25],"texture":"#0"},"south":{"uv":[9.75,8.5,10,10.25],"texture":"#0"},"west":{"uv":[9.75,8.5,10,10.25],"texture":"#0"},"up":{"uv":[9.75,8.5,10,8.75],"texture":"#0"},"down":{"uv":[9.75,10,10,10.25],"texture":"#0"}}},{"from":[5.75,6.25,6],"to":[6,7.25,7.25],"faces":{"north":{"uv":[6,8.75,5.75,9.75],"texture":"#0"},"east":{"uv":[5.75,8.75,6,9.75],"texture":"#0"},"south":{"uv":[5.75,8.75,6,9.75],"texture":"#0"},"west":{"uv":[5.75,8.75,6,9.75],"texture":"#0"},"up":{"uv":[5.75,8.75,6,9],"texture":"#0"},"down":{"uv":[5.75,9.5,6,9.75],"texture":"#0"}}},{"from":[10,6.5,6],"to":[10.25,7,7.25],"faces":{"north":{"uv":[10.25,9,10,9.5],"texture":"#0"},"east":{"uv":[10,9,10.25,9.5],"texture":"#0"},"south":{"uv":[10,9,10.25,9.5],"texture":"#0"},"west":{"uv":[10,9,10.25,9.5],"texture":"#0"},"up":{"uv":[10,9,10.25,9.25],"texture":"#0"},"down":{"uv":[10,9.25,10.25,9.5],"texture":"#0"}}},{"from":[6,0.75,6],"to":[6.25,5,7.25],"faces":{"north":{"uv":[6.25,11,6,15.25],"texture":"#0"},"east":{"uv":[6,11,6.25,15.25],"texture":"#0"},"south":{"uv":[6,11,6.25,15.25],"texture":"#0"},"west":{"uv":[6,11,6.25,15.25],"texture":"#0"},"up":{"uv":[6,11,6.25,11.25],"texture":"#0"},"down":{"uv":[6,15,6.25,15.25],"texture":"#0"}}},{"from":[9.75,0.75,6],"to":[10,4.75,7.25],"faces":{"north":{"uv":[10,11.25,9.75,15.25],"texture":"#0"},"east":{"uv":[9.75,11.25,10,15.25],"texture":"#0"},"south":{"uv":[9.75,11.25,10,15.25],"texture":"#0"},"west":{"uv":[9.75,11.25,10,15.25],"texture":"#0"},"up":{"uv":[9.75,11.25,10,11.5],"texture":"#0"},"down":{"uv":[9.75,15,10,15.25],"texture":"#0"}}},{"from":[5.75,0.75,6],"to":[6,4.5,7.25],"faces":{"north":{"uv":[6,11.5,5.75,15.25],"texture":"#0"},"east":{"uv":[5.75,11.5,6,15.25],"texture":"#0"},"south":{"uv":[5.75,11.5,6,15.25],"texture":"#0"},"west":{"uv":[5.75,11.5,6,15.25],"texture":"#0"},"up":{"uv":[5.75,11.5,6,11.75],"texture":"#0"},"down":{"uv":[5.75,15,6,15.25],"texture":"#0"}}},{"from":[10,1,6],"to":[10.25,4.25,7.25],"faces":{"north":{"uv":[10.25,11.75,10,15],"texture":"#0"},"east":{"uv":[10,11.75,10.25,15],"texture":"#0"},"south":{"uv":[10,11.75,10.25,15],"texture":"#0"},"west":{"uv":[10,11.75,10.25,15],"texture":"#0"},"up":{"uv":[10,11.75,10.25,12],"texture":"#0"},"down":{"uv":[10,14.75,10.25,15],"texture":"#0"}}},{"from":[5.5,1,6],"to":[5.75,4,7.25],"faces":{"north":{"uv":[5.75,12,5.5,15],"texture":"#0"},"east":{"uv":[5.5,12,5.75,15],"texture":"#0"},"south":{"uv":[5.5,12,5.75,15],"texture":"#0"},"west":{"uv":[5.5,12,5.75,15],"texture":"#0"},"up":{"uv":[5.5,12,5.75,12.25],"texture":"#0"},"down":{"uv":[5.5,14.75,5.75,15],"texture":"#0"}}},{"from":[10.25,1.25,6],"to":[10.5,3.75,7.25],"faces":{"north":{"uv":[10.5,12.25,10.25,14.75],"texture":"#0"},"east":{"uv":[10.25,12.25,10.5,14.75],"texture":"#0"},"south":{"uv":[10.25,12.25,10.5,14.75],"texture":"#0"},"west":{"uv":[10.25,12.25,10.5,14.75],"texture":"#0"},"up":{"uv":[10.25,12.25,10.5,12.5],"texture":"#0"},"down":{"uv":[10.25,14.5,10.5,14.75],"texture":"#0"}}},{"from":[5.25,1.25,6],"to":[5.5,3.5,7.25],"faces":{"north":{"uv":[5.5,12.5,5.25,14.75],"texture":"#0"},"east":{"uv":[5.25,12.5,5.5,14.75],"texture":"#0"},"south":{"uv":[5.25,12.5,5.5,14.75],"texture":"#0"},"west":{"uv":[5.25,12.5,5.5,14.75],"texture":"#0"},"up":{"uv":[5.25,12.5,5.5,12.75],"texture":"#0"},"down":{"uv":[5.25,14.5,5.5,14.75],"texture":"#0"}}},{"from":[10.5,1.5,6],"to":[10.75,3.25,7.25],"faces":{"north":{"uv":[10.75,12.75,10.5,14.5],"texture":"#0"},"east":{"uv":[10.5,12.75,10.75,14.5],"texture":"#0"},"south":{"uv":[10.5,12.75,10.75,14.5],"texture":"#0"},"west":{"uv":[10.5,12.75,10.75,14.5],"texture":"#0"},"up":{"uv":[10.5,12.75,10.75,13],"texture":"#0"},"down":{"uv":[10.5,14.25,10.75,14.5],"texture":"#0"}}},{"from":[5,2,6],"to":[5.25,2.75,7.25],"faces":{"north":{"uv":[5.25,13.25,5,14],"texture":"#0"},"east":{"uv":[5,13.25,5.25,14],"texture":"#0"},"south":{"uv":[5,13.25,5.25,14],"texture":"#0"},"west":{"uv":[5,13.25,5.25,14],"texture":"#0"},"up":{"uv":[5,13.25,5.25,13.5],"texture":"#0"},"down":{"uv":[5,13.75,5.25,14],"texture":"#0"}}}],"display":{"thirdperson_righthand":{"translation":[0,-5,1.75]},"thirdperson_lefthand":{"translation":[0.5,-5,1.75]},"firstperson_righthand":{"rotation":[0,-89,0],"translation":[0.5,1,1.75]},"firstperson_lefthand":{"rotation":[0,-109,0],"translation":[0,2,2]},"ground":{"translation":[0,4.25,0]},"gui":{"rotation":[-26,-20,-43],"translation":[0,1,0]},"head":{"rotation":[0,-7,42],"translation":[-4,-15.25,-3],"scale":[2.3,2.07,2.7]},"fixed":{"rotation":[0,0,46],"translation":[-1,0.25,1],"scale":[1.4,1.4,1]}},"groups":[{"name":"guitar","origin":[8,8,8],"color":0,"children":[0,1,2,3,4,5,6,7,8,9,10,11,12,13,14,15,16,17,18,19,20,21]}]}