{"credit":"Made with Blockbench","texture_size":[64,64],"textures":{"0":"block/custom/inca-golden-cat","particle":"block/custom/inca-golden-cat"},"elements":[{"from":[9,10.625,7],"to":[10,15.375,7.5],"faces":{"north":{"uv":[10,0.625,9,5.375],"texture":"#0"},"east":{"uv":[9.875,0.625,10,5.375],"texture":"#0"},"south":{"uv":[9,0.625,10,5.375],"texture":"#0"},"west":{"uv":[9,0.625,9.125,5.375],"texture":"#0"},"up":{"uv":[9,0.625,10,0.75],"texture":"#0"},"down":{"uv":[9,5.25,10,5.375],"texture":"#0"}}},{"from":[12,15.25,7],"to":[12.5,15.375,7.5],"faces":{"north":{"uv":[12.5,0.625,12,0.75],"texture":"#0"},"east":{"uv":[12.375,0.625,12.5,0.75],"texture":"#0"},"south":{"uv":[12,0.625,12.5,0.75],"texture":"#0"},"west":{"uv":[12,0.625,12.125,0.75],"texture":"#0"},"up":{"uv":[12,0.625,12.5,0.75],"texture":"#0"},"down":{"uv":[12,0.625,12.5,0.75],"texture":"#0"}}},{"from":[6.5,13.875,7],"to":[7.375,15.25,7.5],"faces":{"north":{"uv":[7.375,0.75,6.5,2.125],"texture":"#0"},"east":{"uv":[7.25,0.75,7.375,2.125],"texture":"#0"},"south":{"uv":[6.5,0.75,7.375,2.125],"texture":"#0"},"west":{"uv":[6.5,0.75,6.625,2.125],"texture":"#0"},"up":{"uv":[6.5,0.75,7.375,0.875],"texture":"#0"},"down":{"uv":[6.5,2,7.375,2.125],"texture":"#0"}}},{"from":[8.625,1.125,7],"to":[9,15.25,7.5],"faces":{"north":{"uv":[9,0.75,8.625,14.875],"texture":"#0"},"east":{"uv":[8.875,0.75,9,14.875],"texture":"#0"},"south":{"uv":[8.625,0.75,9,14.875],"texture":"#0"},"west":{"uv":[8.625,0.75,8.75,14.875],"texture":"#0"},"up":{"uv":[8.625,0.75,9,0.875],"texture":"#0"},"down":{"uv":[8.625,14.75,9,14.875],"texture":"#0"}}},{"from":[10,7.625,7],"to":[10.375,15.25,7.5],"faces":{"north":{"uv":[10.375,0.75,10,8.375],"texture":"#0"},"east":{"uv":[10.25,0.75,10.375,8.375],"texture":"#0"},"south":{"uv":[10,0.75,10.375,8.375],"texture":"#0"},"west":{"uv":[10,0.75,10.125,8.375],"texture":"#0"},"up":{"uv":[10,0.75,10.375,0.875],"texture":"#0"},"down":{"uv":[10,8.25,10.375,8.375],"texture":"#0"}}},{"from":[10.875,11,7],"to":[11.125,15.25,7.5],"faces":{"north":{"uv":[11.125,0.75,10.875,5],"texture":"#0"},"east":{"uv":[11,0.75,11.125,5],"texture":"#0"},"south":{"uv":[10.875,0.75,11.125,5],"texture":"#0"},"west":{"uv":[10.875,0.75,11,5],"texture":"#0"},"up":{"uv":[10.875,0.75,11.125,0.875],"texture":"#0"},"down":{"uv":[10.875,4.875,11.125,5],"texture":"#0"}}},{"from":[12.125,15.125,7],"to":[12.75,15.25,7.5],"faces":{"north":{"uv":[12.75,0.75,12.125,0.875],"texture":"#0"},"east":{"uv":[12.625,0.75,12.75,0.875],"texture":"#0"},"south":{"uv":[12.125,0.75,12.75,0.875],"texture":"#0"},"west":{"uv":[12.125,0.75,12.25,0.875],"texture":"#0"},"up":{"uv":[12.125,0.75,12.75,0.875],"texture":"#0"},"down":{"uv":[12.125,0.75,12.75,0.875],"texture":"#0"}}},{"from":[6.375,13.875,7],"to":[6.5,15.125,7.5],"faces":{"north":{"uv":[6.5,0.875,6.375,2.125],"texture":"#0"},"east":{"uv":[6.375,0.875,6.5,2.125],"texture":"#0"},"south":{"uv":[6.375,0.875,6.5,2.125],"texture":"#0"},"west":{"uv":[6.375,0.875,6.5,2.125],"texture":"#0"},"up":{"uv":[6.375,0.875,6.5,1],"texture":"#0"},"down":{"uv":[6.375,2,6.5,2.125],"texture":"#0"}}},{"from":[7.375,11.25,7],"to":[7.5,15.125,7.5],"faces":{"north":{"uv":[7.5,0.875,7.375,4.75],"texture":"#0"},"east":{"uv":[7.375,0.875,7.5,4.75],"texture":"#0"},"south":{"uv":[7.375,0.875,7.5,4.75],"texture":"#0"},"west":{"uv":[7.375,0.875,7.5,4.75],"texture":"#0"},"up":{"uv":[7.375,0.875,7.5,1],"texture":"#0"},"down":{"uv":[7.375,4.625,7.5,4.75],"texture":"#0"}}},{"from":[8.375,1,7],"to":[8.625,15.125,7.5],"faces":{"north":{"uv":[8.625,0.875,8.375,15],"texture":"#0"},"east":{"uv":[8.5,0.875,8.625,15],"texture":"#0"},"south":{"uv":[8.375,0.875,8.625,15],"texture":"#0"},"west":{"uv":[8.375,0.875,8.5,15],"texture":"#0"},"up":{"uv":[8.375,0.875,8.625,1],"texture":"#0"},"down":{"uv":[8.375,14.875,8.625,15],"texture":"#0"}}},{"from":[10.375,11,7],"to":[10.875,15.125,7.5],"faces":{"north":{"uv":[10.875,0.875,10.375,5],"texture":"#0"},"east":{"uv":[10.75,0.875,10.875,5],"texture":"#0"},"south":{"uv":[10.375,0.875,10.875,5],"texture":"#0"},"west":{"uv":[10.375,0.875,10.5,5],"texture":"#0"},"up":{"uv":[10.375,0.875,10.875,1],"texture":"#0"},"down":{"uv":[10.375,4.875,10.875,5],"texture":"#0"}}},{"from":[11.125,14.25,7],"to":[11.5,15.125,7.5],"faces":{"north":{"uv":[11.5,0.875,11.125,1.75],"texture":"#0"},"east":{"uv":[11.375,0.875,11.5,1.75],"texture":"#0"},"south":{"uv":[11.125,0.875,11.5,1.75],"texture":"#0"},"west":{"uv":[11.125,0.875,11.25,1.75],"texture":"#0"},"up":{"uv":[11.125,0.875,11.5,1],"texture":"#0"},"down":{"uv":[11.125,1.625,11.5,1.75],"texture":"#0"}}},{"from":[12.375,15,7],"to":[13,15.125,7.5],"faces":{"north":{"uv":[13,0.875,12.375,1],"texture":"#0"},"east":{"uv":[12.875,0.875,13,1],"texture":"#0"},"south":{"uv":[12.375,0.875,13,1],"texture":"#0"},"west":{"uv":[12.375,0.875,12.5,1],"texture":"#0"},"up":{"uv":[12.375,0.875,13,1],"texture":"#0"},"down":{"uv":[12.375,0.875,13,1],"texture":"#0"}}},{"from":[6.25,14.125,7],"to":[6.375,15,7.5],"faces":{"north":{"uv":[6.375,1,6.25,1.875],"texture":"#0"},"east":{"uv":[6.25,1,6.375,1.875],"texture":"#0"},"south":{"uv":[6.25,1,6.375,1.875],"texture":"#0"},"west":{"uv":[6.25,1,6.375,1.875],"texture":"#0"},"up":{"uv":[6.25,1,6.375,1.125],"texture":"#0"},"down":{"uv":[6.25,1.75,6.375,1.875],"texture":"#0"}}},{"from":[7.5,11.375,7],"to":[7.625,15,7.5],"faces":{"north":{"uv":[7.625,1,7.5,4.625],"texture":"#0"},"east":{"uv":[7.5,1,7.625,4.625],"texture":"#0"},"south":{"uv":[7.5,1,7.625,4.625],"texture":"#0"},"west":{"uv":[7.5,1,7.625,4.625],"texture":"#0"},"up":{"uv":[7.5,1,7.625,1.125],"texture":"#0"},"down":{"uv":[7.5,4.5,7.625,4.625],"texture":"#0"}}},{"from":[8.125,13.125,7],"to":[8.375,15,7.5],"faces":{"north":{"uv":[8.375,1,8.125,2.875],"texture":"#0"},"east":{"uv":[8.25,1,8.375,2.875],"texture":"#0"},"south":{"uv":[8.125,1,8.375,2.875],"texture":"#0"},"west":{"uv":[8.125,1,8.25,2.875],"texture":"#0"},"up":{"uv":[8.125,1,8.375,1.125],"texture":"#0"},"down":{"uv":[8.125,2.75,8.375,2.875],"texture":"#0"}}},{"from":[11.5,13.375,7],"to":[11.625,15,7.5],"faces":{"north":{"uv":[11.625,1,11.5,2.625],"texture":"#0"},"east":{"uv":[11.5,1,11.625,2.625],"texture":"#0"},"south":{"uv":[11.5,1,11.625,2.625],"texture":"#0"},"west":{"uv":[11.5,1,11.625,2.625],"texture":"#0"},"up":{"uv":[11.5,1,11.625,1.125],"texture":"#0"},"down":{"uv":[11.5,2.5,11.625,2.625],"texture":"#0"}}},{"from":[12.5,14.875,7],"to":[13.125,15,7.5],"faces":{"north":{"uv":[13.125,1,12.5,1.125],"texture":"#0"},"east":{"uv":[13,1,13.125,1.125],"texture":"#0"},"south":{"uv":[12.5,1,13.125,1.125],"texture":"#0"},"west":{"uv":[12.5,1,12.625,1.125],"texture":"#0"},"up":{"uv":[12.5,1,13.125,1.125],"texture":"#0"},"down":{"uv":[12.5,1,13.125,1.125],"texture":"#0"}}},{"from":[6.125,14.25,7],"to":[6.25,14.875,7.5],"faces":{"north":{"uv":[6.25,1.125,6.125,1.75],"texture":"#0"},"east":{"uv":[6.125,1.125,6.25,1.75],"texture":"#0"},"south":{"uv":[6.125,1.125,6.25,1.75],"texture":"#0"},"west":{"uv":[6.125,1.125,6.25,1.75],"texture":"#0"},"up":{"uv":[6.125,1.125,6.25,1.25],"texture":"#0"},"down":{"uv":[6.125,1.625,6.25,1.75],"texture":"#0"}}},{"from":[7.625,12,7],"to":[8.125,14.875,7.5],"faces":{"north":{"uv":[8.125,1.125,7.625,4],"texture":"#0"},"east":{"uv":[8,1.125,8.125,4],"texture":"#0"},"south":{"uv":[7.625,1.125,8.125,4],"texture":"#0"},"west":{"uv":[7.625,1.125,7.75,4],"texture":"#0"},"up":{"uv":[7.625,1.125,8.125,1.25],"texture":"#0"},"down":{"uv":[7.625,3.875,8.125,4],"texture":"#0"}}},{"from":[11.625,11.5,7],"to":[11.75,14.875,7.5],"faces":{"north":{"uv":[11.75,1.125,11.625,4.5],"texture":"#0"},"east":{"uv":[11.625,1.125,11.75,4.5],"texture":"#0"},"south":{"uv":[11.625,1.125,11.75,4.5],"texture":"#0"},"west":{"uv":[11.625,1.125,11.75,4.5],"texture":"#0"},"up":{"uv":[11.625,1.125,11.75,1.25],"texture":"#0"},"down":{"uv":[11.625,4.375,11.75,4.5],"texture":"#0"}}},{"from":[12.625,14.5,7],"to":[13.25,14.875,7.5],"faces":{"north":{"uv":[13.25,1.125,12.625,1.5],"texture":"#0"},"east":{"uv":[13.125,1.125,13.25,1.5],"texture":"#0"},"south":{"uv":[12.625,1.125,13.25,1.5],"texture":"#0"},"west":{"uv":[12.625,1.125,12.75,1.5],"texture":"#0"},"up":{"uv":[12.625,1.125,13.25,1.25],"texture":"#0"},"down":{"uv":[12.625,1.375,13.25,1.5],"texture":"#0"}}},{"from":[13.25,12.875,7],"to":[13.375,14.75,7.5],"faces":{"north":{"uv":[13.375,1.25,13.25,3.125],"texture":"#0"},"east":{"uv":[13.25,1.25,13.375,3.125],"texture":"#0"},"south":{"uv":[13.25,1.25,13.375,3.125],"texture":"#0"},"west":{"uv":[13.25,1.25,13.375,3.125],"texture":"#0"},"up":{"uv":[13.25,1.25,13.375,1.375],"texture":"#0"},"down":{"uv":[13.25,3,13.375,3.125],"texture":"#0"}}},{"from":[13.375,13.125,7],"to":[13.5,14.625,7.5],"faces":{"north":{"uv":[13.5,1.375,13.375,2.875],"texture":"#0"},"east":{"uv":[13.375,1.375,13.5,2.875],"texture":"#0"},"south":{"uv":[13.375,1.375,13.5,2.875],"texture":"#0"},"west":{"uv":[13.375,1.375,13.5,2.875],"texture":"#0"},"up":{"uv":[13.375,1.375,13.5,1.5],"texture":"#0"},"down":{"uv":[13.375,2.75,13.5,2.875],"texture":"#0"}}},{"from":[12.75,12.75,7],"to":[13.25,14.5,7.5],"faces":{"north":{"uv":[13.25,1.5,12.75,3.25],"texture":"#0"},"east":{"uv":[13.125,1.5,13.25,3.25],"texture":"#0"},"south":{"uv":[12.75,1.5,13.25,3.25],"texture":"#0"},"west":{"uv":[12.75,1.5,12.875,3.25],"texture":"#0"},"up":{"uv":[12.75,1.5,13.25,1.625],"texture":"#0"},"down":{"uv":[12.75,3.125,13.25,3.25],"texture":"#0"}}},{"from":[11.75,12.25,7],"to":[11.875,14.375,7.5],"faces":{"north":{"uv":[11.875,1.625,11.75,3.75],"texture":"#0"},"east":{"uv":[11.75,1.625,11.875,3.75],"texture":"#0"},"south":{"uv":[11.75,1.625,11.875,3.75],"texture":"#0"},"west":{"uv":[11.75,1.625,11.875,3.75],"texture":"#0"},"up":{"uv":[11.75,1.625,11.875,1.75],"texture":"#0"},"down":{"uv":[11.75,3.625,11.875,3.75],"texture":"#0"}}},{"from":[13.5,13.375,7],"to":[13.625,14.375,7.5],"faces":{"north":{"uv":[13.625,1.625,13.5,2.625],"texture":"#0"},"east":{"uv":[13.5,1.625,13.625,2.625],"texture":"#0"},"south":{"uv":[13.5,1.625,13.625,2.625],"texture":"#0"},"west":{"uv":[13.5,1.625,13.625,2.625],"texture":"#0"},"up":{"uv":[13.5,1.625,13.625,1.75],"texture":"#0"},"down":{"uv":[13.5,2.5,13.625,2.625],"texture":"#0"}}},{"from":[11.125,12.125,7],"to":[11.25,14.25,7.5],"faces":{"north":{"uv":[11.25,1.75,11.125,3.875],"texture":"#0"},"east":{"uv":[11.125,1.75,11.25,3.875],"texture":"#0"},"south":{"uv":[11.125,1.75,11.25,3.875],"texture":"#0"},"west":{"uv":[11.125,1.75,11.25,3.875],"texture":"#0"},"up":{"uv":[11.125,1.75,11.25,1.875],"texture":"#0"},"down":{"uv":[11.125,3.75,11.25,3.875],"texture":"#0"}}},{"from":[6.625,13.75,7],"to":[7.375,13.875,7.5],"faces":{"north":{"uv":[7.375,2.125,6.625,2.25],"texture":"#0"},"east":{"uv":[7.25,2.125,7.375,2.25],"texture":"#0"},"south":{"uv":[6.625,2.125,7.375,2.25],"texture":"#0"},"west":{"uv":[6.625,2.125,6.75,2.25],"texture":"#0"},"up":{"uv":[6.625,2.125,7.375,2.25],"texture":"#0"},"down":{"uv":[6.625,2.125,7.375,2.25],"texture":"#0"}}},{"from":[11.25,12.25,7],"to":[11.5,13.875,7.5],"faces":{"north":{"uv":[11.5,2.125,11.25,3.75],"texture":"#0"},"east":{"uv":[11.375,2.125,11.5,3.75],"texture":"#0"},"south":{"uv":[11.25,2.125,11.5,3.75],"texture":"#0"},"west":{"uv":[11.25,2.125,11.375,3.75],"texture":"#0"},"up":{"uv":[11.25,2.125,11.5,2.25],"texture":"#0"},"down":{"uv":[11.25,3.625,11.5,3.75],"texture":"#0"}}},{"from":[7.25,13.625,7],"to":[7.375,13.75,7.5],"faces":{"north":{"uv":[7.375,2.25,7.25,2.375],"texture":"#0"},"east":{"uv":[7.25,2.25,7.375,2.375],"texture":"#0"},"south":{"uv":[7.25,2.25,7.375,2.375],"texture":"#0"},"west":{"uv":[7.25,2.25,7.375,2.375],"texture":"#0"},"up":{"uv":[7.25,2.25,7.375,2.375],"texture":"#0"},"down":{"uv":[7.25,2.25,7.375,2.375],"texture":"#0"}}},{"from":[12.625,12.375,7],"to":[12.75,13.625,7.5],"faces":{"north":{"uv":[12.75,2.375,12.625,3.625],"texture":"#0"},"east":{"uv":[12.625,2.375,12.75,3.625],"texture":"#0"},"south":{"uv":[12.625,2.375,12.75,3.625],"texture":"#0"},"west":{"uv":[12.625,2.375,12.75,3.625],"texture":"#0"},"up":{"uv":[12.625,2.375,12.75,2.5],"texture":"#0"},"down":{"uv":[12.625,3.5,12.75,3.625],"texture":"#0"}}},{"from":[11.875,12.375,7],"to":[12.625,13.5,7.5],"faces":{"north":{"uv":[12.625,2.5,11.875,3.625],"texture":"#0"},"east":{"uv":[12.5,2.5,12.625,3.625],"texture":"#0"},"south":{"uv":[11.875,2.5,12.625,3.625],"texture":"#0"},"west":{"uv":[11.875,2.5,12,3.625],"texture":"#0"},"up":{"uv":[11.875,2.5,12.625,2.625],"texture":"#0"},"down":{"uv":[11.875,3.5,12.625,3.625],"texture":"#0"}}},{"from":[11.5,13,7],"to":[11.625,13.25,7.5],"faces":{"north":{"uv":[11.625,2.75,11.5,3],"texture":"#0"},"east":{"uv":[11.5,2.75,11.625,3],"texture":"#0"},"south":{"uv":[11.5,2.75,11.625,3],"texture":"#0"},"west":{"uv":[11.5,2.75,11.625,3],"texture":"#0"},"up":{"uv":[11.5,2.75,11.625,2.875],"texture":"#0"},"down":{"uv":[11.5,2.875,11.625,3],"texture":"#0"}}},{"from":[8.25,0.875,7],"to":[8.375,13.125,7.5],"faces":{"north":{"uv":[8.375,2.875,8.25,15.125],"texture":"#0"},"east":{"uv":[8.25,2.875,8.375,15.125],"texture":"#0"},"south":{"uv":[8.25,2.875,8.375,15.125],"texture":"#0"},"west":{"uv":[8.25,2.875,8.375,15.125],"texture":"#0"},"up":{"uv":[8.25,2.875,8.375,3],"texture":"#0"},"down":{"uv":[8.25,15,8.375,15.125],"texture":"#0"}}},{"from":[8.125,2.125,7],"to":[8.25,13,7.5],"faces":{"north":{"uv":[8.25,3,8.125,13.875],"texture":"#0"},"east":{"uv":[8.125,3,8.25,13.875],"texture":"#0"},"south":{"uv":[8.125,3,8.25,13.875],"texture":"#0"},"west":{"uv":[8.125,3,8.25,13.875],"texture":"#0"},"up":{"uv":[8.125,3,8.25,3.125],"texture":"#0"},"down":{"uv":[8.125,13.75,8.25,13.875],"texture":"#0"}}},{"from":[6.625,12,7],"to":[7.375,12.75,7.5],"faces":{"north":{"uv":[7.375,3.25,6.625,4],"texture":"#0"},"east":{"uv":[7.25,3.25,7.375,4],"texture":"#0"},"south":{"uv":[6.625,3.25,7.375,4],"texture":"#0"},"west":{"uv":[6.625,3.25,6.75,4],"texture":"#0"},"up":{"uv":[6.625,3.25,7.375,3.375],"texture":"#0"},"down":{"uv":[6.625,3.875,7.375,4],"texture":"#0"}}},{"from":[11.5,11.375,7],"to":[11.625,12.75,7.5],"faces":{"north":{"uv":[11.625,3.25,11.5,4.625],"texture":"#0"},"east":{"uv":[11.5,3.25,11.625,4.625],"texture":"#0"},"south":{"uv":[11.5,3.25,11.625,4.625],"texture":"#0"},"west":{"uv":[11.5,3.25,11.625,4.625],"texture":"#0"},"up":{"uv":[11.5,3.25,11.625,3.375],"texture":"#0"},"down":{"uv":[11.5,4.5,11.625,4.625],"texture":"#0"}}},{"from":[12.75,12.5,7],"to":[13,12.75,7.5],"faces":{"north":{"uv":[13,3.25,12.75,3.5],"texture":"#0"},"east":{"uv":[12.875,3.25,13,3.5],"texture":"#0"},"south":{"uv":[12.75,3.25,13,3.5],"texture":"#0"},"west":{"uv":[12.75,3.25,12.875,3.5],"texture":"#0"},"up":{"uv":[12.75,3.25,13,3.375],"texture":"#0"},"down":{"uv":[12.75,3.375,13,3.5],"texture":"#0"}}},{"from":[13,12.625,7],"to":[13.125,12.75,7.5],"faces":{"north":{"uv":[13.125,3.25,13,3.375],"texture":"#0"},"east":{"uv":[13,3.25,13.125,3.375],"texture":"#0"},"south":{"uv":[13,3.25,13.125,3.375],"texture":"#0"},"west":{"uv":[13,3.25,13.125,3.375],"texture":"#0"},"up":{"uv":[13,3.25,13.125,3.375],"texture":"#0"},"down":{"uv":[13,3.25,13.125,3.375],"texture":"#0"}}},{"from":[6.375,11.125,7],"to":[6.625,12.625,7.5],"faces":{"north":{"uv":[6.625,3.375,6.375,4.875],"texture":"#0"},"east":{"uv":[6.5,3.375,6.625,4.875],"texture":"#0"},"south":{"uv":[6.375,3.375,6.625,4.875],"texture":"#0"},"west":{"uv":[6.375,3.375,6.5,4.875],"texture":"#0"},"up":{"uv":[6.375,3.375,6.625,3.5],"texture":"#0"},"down":{"uv":[6.375,4.75,6.625,4.875],"texture":"#0"}}},{"from":[6.25,11.125,7],"to":[6.375,12.5,7.5],"faces":{"north":{"uv":[6.375,3.5,6.25,4.875],"texture":"#0"},"east":{"uv":[6.25,3.5,6.375,4.875],"texture":"#0"},"south":{"uv":[6.25,3.5,6.375,4.875],"texture":"#0"},"west":{"uv":[6.25,3.5,6.375,4.875],"texture":"#0"},"up":{"uv":[6.25,3.5,6.375,3.625],"texture":"#0"},"down":{"uv":[6.25,4.75,6.375,4.875],"texture":"#0"}}},{"from":[6.125,11.25,7],"to":[6.25,12.375,7.5],"faces":{"north":{"uv":[6.25,3.625,6.125,4.75],"texture":"#0"},"east":{"uv":[6.125,3.625,6.25,4.75],"texture":"#0"},"south":{"uv":[6.125,3.625,6.25,4.75],"texture":"#0"},"west":{"uv":[6.125,3.625,6.25,4.75],"texture":"#0"},"up":{"uv":[6.125,3.625,6.25,3.75],"texture":"#0"},"down":{"uv":[6.125,4.625,6.25,4.75],"texture":"#0"}}},{"from":[11.875,12.25,7],"to":[12.375,12.375,7.5],"faces":{"north":{"uv":[12.375,3.625,11.875,3.75],"texture":"#0"},"east":{"uv":[12.25,3.625,12.375,3.75],"texture":"#0"},"south":{"uv":[11.875,3.625,12.375,3.75],"texture":"#0"},"west":{"uv":[11.875,3.625,12,3.75],"texture":"#0"},"up":{"uv":[11.875,3.625,12.375,3.75],"texture":"#0"},"down":{"uv":[11.875,3.625,12.375,3.75],"texture":"#0"}}},{"from":[11.375,11.25,7],"to":[11.5,12.25,7.5],"faces":{"north":{"uv":[11.5,3.75,11.375,4.75],"texture":"#0"},"east":{"uv":[11.375,3.75,11.5,4.75],"texture":"#0"},"south":{"uv":[11.375,3.75,11.5,4.75],"texture":"#0"},"west":{"uv":[11.375,3.75,11.5,4.75],"texture":"#0"},"up":{"uv":[11.375,3.75,11.5,3.875],"texture":"#0"},"down":{"uv":[11.375,4.625,11.5,4.75],"texture":"#0"}}},{"from":[6,11.375,7],"to":[6.125,12.125,7.5],"faces":{"north":{"uv":[6.125,3.875,6,4.625],"texture":"#0"},"east":{"uv":[6,3.875,6.125,4.625],"texture":"#0"},"south":{"uv":[6,3.875,6.125,4.625],"texture":"#0"},"west":{"uv":[6,3.875,6.125,4.625],"texture":"#0"},"up":{"uv":[6,3.875,6.125,4],"texture":"#0"},"down":{"uv":[6,4.5,6.125,4.625],"texture":"#0"}}},{"from":[6.625,11.125,7],"to":[7.25,12,7.5],"faces":{"north":{"uv":[7.25,4,6.625,4.875],"texture":"#0"},"east":{"uv":[7.125,4,7.25,4.875],"texture":"#0"},"south":{"uv":[6.625,4,7.25,4.875],"texture":"#0"},"west":{"uv":[6.625,4,6.75,4.875],"texture":"#0"},"up":{"uv":[6.625,4,7.25,4.125],"texture":"#0"},"down":{"uv":[6.625,4.75,7.25,4.875],"texture":"#0"}}},{"from":[7.875,11.875,7],"to":[8.125,12,7.5],"faces":{"north":{"uv":[8.125,4,7.875,4.125],"texture":"#0"},"east":{"uv":[8,4,8.125,4.125],"texture":"#0"},"south":{"uv":[7.875,4,8.125,4.125],"texture":"#0"},"west":{"uv":[7.875,4,8,4.125],"texture":"#0"},"up":{"uv":[7.875,4,8.125,4.125],"texture":"#0"},"down":{"uv":[7.875,4,8.125,4.125],"texture":"#0"}}},{"from":[11.125,11.125,7],"to":[11.375,12,7.5],"faces":{"north":{"uv":[11.375,4,11.125,4.875],"texture":"#0"},"east":{"uv":[11.25,4,11.375,4.875],"texture":"#0"},"south":{"uv":[11.125,4,11.375,4.875],"texture":"#0"},"west":{"uv":[11.125,4,11.25,4.875],"texture":"#0"},"up":{"uv":[11.125,4,11.375,4.125],"texture":"#0"},"down":{"uv":[11.125,4.75,11.375,4.875],"texture":"#0"}}},{"from":[7.25,11.125,7],"to":[7.375,11.875,7.5],"faces":{"north":{"uv":[7.375,4.125,7.25,4.875],"texture":"#0"},"east":{"uv":[7.25,4.125,7.375,4.875],"texture":"#0"},"south":{"uv":[7.25,4.125,7.375,4.875],"texture":"#0"},"west":{"uv":[7.25,4.125,7.375,4.875],"texture":"#0"},"up":{"uv":[7.25,4.125,7.375,4.25],"texture":"#0"},"down":{"uv":[7.25,4.75,7.375,4.875],"texture":"#0"}}},{"from":[8,11.625,7],"to":[8.125,11.875,7.5],"faces":{"north":{"uv":[8.125,4.125,8,4.375],"texture":"#0"},"east":{"uv":[8,4.125,8.125,4.375],"texture":"#0"},"south":{"uv":[8,4.125,8.125,4.375],"texture":"#0"},"west":{"uv":[8,4.125,8.125,4.375],"texture":"#0"},"up":{"uv":[8,4.125,8.125,4.25],"texture":"#0"},"down":{"uv":[8,4.25,8.125,4.375],"texture":"#0"}}},{"from":[7,1,7],"to":[7.25,11.125,7.5],"faces":{"north":{"uv":[7.25,4.875,7,15],"texture":"#0"},"east":{"uv":[7.125,4.875,7.25,15],"texture":"#0"},"south":{"uv":[7,4.875,7.25,15],"texture":"#0"},"west":{"uv":[7,4.875,7.125,15],"texture":"#0"},"up":{"uv":[7,4.875,7.25,5],"texture":"#0"},"down":{"uv":[7,14.875,7.25,15],"texture":"#0"}}},{"from":[7.25,0.875,7],"to":[8.125,11,7.5],"faces":{"north":{"uv":[8.125,5,7.25,15.125],"texture":"#0"},"east":{"uv":[8,5,8.125,15.125],"texture":"#0"},"south":{"uv":[7.25,5,8.125,15.125],"texture":"#0"},"west":{"uv":[7.25,5,7.375,15.125],"texture":"#0"},"up":{"uv":[7.25,5,8.125,5.125],"texture":"#0"},"down":{"uv":[7.25,15,8.125,15.125],"texture":"#0"}}},{"from":[10.375,7.625,7],"to":[10.75,11,7.5],"faces":{"north":{"uv":[10.75,5,10.375,8.375],"texture":"#0"},"east":{"uv":[10.625,5,10.75,8.375],"texture":"#0"},"south":{"uv":[10.375,5,10.75,8.375],"texture":"#0"},"west":{"uv":[10.375,5,10.5,8.375],"texture":"#0"},"up":{"uv":[10.375,5,10.75,5.125],"texture":"#0"},"down":{"uv":[10.375,8.25,10.75,8.375],"texture":"#0"}}},{"from":[6.875,1,7],"to":[7,10.875,7.5],"faces":{"north":{"uv":[7,5.125,6.875,15],"texture":"#0"},"east":{"uv":[6.875,5.125,7,15],"texture":"#0"},"south":{"uv":[6.875,5.125,7,15],"texture":"#0"},"west":{"uv":[6.875,5.125,7,15],"texture":"#0"},"up":{"uv":[6.875,5.125,7,5.25],"texture":"#0"},"down":{"uv":[6.875,14.875,7,15],"texture":"#0"}}},{"from":[6.75,1,7],"to":[6.875,10.75,7.5],"faces":{"north":{"uv":[6.875,5.25,6.75,15],"texture":"#0"},"east":{"uv":[6.75,5.25,6.875,15],"texture":"#0"},"south":{"uv":[6.75,5.25,6.875,15],"texture":"#0"},"west":{"uv":[6.75,5.25,6.875,15],"texture":"#0"},"up":{"uv":[6.75,5.25,6.875,5.375],"texture":"#0"},"down":{"uv":[6.75,14.875,6.875,15],"texture":"#0"}}},{"from":[6.625,1,7],"to":[6.75,10.625,7.5],"faces":{"north":{"uv":[6.75,5.375,6.625,15],"texture":"#0"},"east":{"uv":[6.625,5.375,6.75,15],"texture":"#0"},"south":{"uv":[6.625,5.375,6.75,15],"texture":"#0"},"west":{"uv":[6.625,5.375,6.75,15],"texture":"#0"},"up":{"uv":[6.625,5.375,6.75,5.5],"texture":"#0"},"down":{"uv":[6.625,14.875,6.75,15],"texture":"#0"}}},{"from":[9.125,7.125,7],"to":[10,10.625,7.5],"faces":{"north":{"uv":[10,5.375,9.125,8.875],"texture":"#0"},"east":{"uv":[9.875,5.375,10,8.875],"texture":"#0"},"south":{"uv":[9.125,5.375,10,8.875],"texture":"#0"},"west":{"uv":[9.125,5.375,9.25,8.875],"texture":"#0"},"up":{"uv":[9.125,5.375,10,5.5],"texture":"#0"},"down":{"uv":[9.125,8.75,10,8.875],"texture":"#0"}}},{"from":[5.5,10.375,7],"to":[5.625,10.5,7.5],"faces":{"north":{"uv":[5.625,5.5,5.5,5.625],"texture":"#0"},"east":{"uv":[5.5,5.5,5.625,5.625],"texture":"#0"},"south":{"uv":[5.5,5.5,5.625,5.625],"texture":"#0"},"west":{"uv":[5.5,5.5,5.625,5.625],"texture":"#0"},"up":{"uv":[5.5,5.5,5.625,5.625],"texture":"#0"},"down":{"uv":[5.5,5.5,5.625,5.625],"texture":"#0"}}},{"from":[6.5,10.375,7],"to":[6.625,10.5,7.5],"faces":{"north":{"uv":[6.625,5.5,6.5,5.625],"texture":"#0"},"east":{"uv":[6.5,5.5,6.625,5.625],"texture":"#0"},"south":{"uv":[6.5,5.5,6.625,5.625],"texture":"#0"},"west":{"uv":[6.5,5.5,6.625,5.625],"texture":"#0"},"up":{"uv":[6.5,5.5,6.625,5.625],"texture":"#0"},"down":{"uv":[6.5,5.5,6.625,5.625],"texture":"#0"}}},{"from":[9,1.125,7],"to":[9.125,10.5,7.5],"faces":{"north":{"uv":[9.125,5.5,9,14.875],"texture":"#0"},"east":{"uv":[9,5.5,9.125,14.875],"texture":"#0"},"south":{"uv":[9,5.5,9.125,14.875],"texture":"#0"},"west":{"uv":[9,5.5,9.125,14.875],"texture":"#0"},"up":{"uv":[9,5.5,9.125,5.625],"texture":"#0"},"down":{"uv":[9,14.75,9.125,14.875],"texture":"#0"}}},{"from":[5.625,10.125,7],"to":[6,10.375,7.5],"faces":{"north":{"uv":[6,5.625,5.625,5.875],"texture":"#0"},"east":{"uv":[5.875,5.625,6,5.875],"texture":"#0"},"south":{"uv":[5.625,5.625,6,5.875],"texture":"#0"},"west":{"uv":[5.625,5.625,5.75,5.875],"texture":"#0"},"up":{"uv":[5.625,5.625,6,5.75],"texture":"#0"},"down":{"uv":[5.625,5.75,6,5.875],"texture":"#0"}}},{"from":[6,10.25,7],"to":[6.125,10.375,7.5],"faces":{"north":{"uv":[6.125,5.625,6,5.75],"texture":"#0"},"east":{"uv":[6,5.625,6.125,5.75],"texture":"#0"},"south":{"uv":[6,5.625,6.125,5.75],"texture":"#0"},"west":{"uv":[6,5.625,6.125,5.75],"texture":"#0"},"up":{"uv":[6,5.625,6.125,5.75],"texture":"#0"},"down":{"uv":[6,5.625,6.125,5.75],"texture":"#0"}}},{"from":[10.75,6.625,7],"to":[10.875,10.375,7.5],"faces":{"north":{"uv":[10.875,5.625,10.75,9.375],"texture":"#0"},"east":{"uv":[10.75,5.625,10.875,9.375],"texture":"#0"},"south":{"uv":[10.75,5.625,10.875,9.375],"texture":"#0"},"west":{"uv":[10.75,5.625,10.875,9.375],"texture":"#0"},"up":{"uv":[10.75,5.625,10.875,5.75],"texture":"#0"},"down":{"uv":[10.75,9.25,10.875,9.375],"texture":"#0"}}},{"from":[5.625,1.125,7],"to":[5.875,10.125,7.5],"faces":{"north":{"uv":[5.875,5.875,5.625,14.875],"texture":"#0"},"east":{"uv":[5.75,5.875,5.875,14.875],"texture":"#0"},"south":{"uv":[5.625,5.875,5.875,14.875],"texture":"#0"},"west":{"uv":[5.625,5.875,5.75,14.875],"texture":"#0"},"up":{"uv":[5.625,5.875,5.875,6],"texture":"#0"},"down":{"uv":[5.625,14.75,5.875,14.875],"texture":"#0"}}},{"from":[6.5,1,7],"to":[6.625,10.125,7.5],"faces":{"north":{"uv":[6.625,5.875,6.5,15],"texture":"#0"},"east":{"uv":[6.5,5.875,6.625,15],"texture":"#0"},"south":{"uv":[6.5,5.875,6.625,15],"texture":"#0"},"west":{"uv":[6.5,5.875,6.625,15],"texture":"#0"},"up":{"uv":[6.5,5.875,6.625,6],"texture":"#0"},"down":{"uv":[6.5,14.875,6.625,15],"texture":"#0"}}},{"from":[10.875,6.5,7],"to":[11,10.125,7.5],"faces":{"north":{"uv":[11,5.875,10.875,9.5],"texture":"#0"},"east":{"uv":[10.875,5.875,11,9.5],"texture":"#0"},"south":{"uv":[10.875,5.875,11,9.5],"texture":"#0"},"west":{"uv":[10.875,5.875,11,9.5],"texture":"#0"},"up":{"uv":[10.875,5.875,11,6],"texture":"#0"},"down":{"uv":[10.875,9.375,11,9.5],"texture":"#0"}}},{"from":[6.25,1,7],"to":[6.5,10,7.5],"faces":{"north":{"uv":[6.5,6,6.25,15],"texture":"#0"},"east":{"uv":[6.375,6,6.5,15],"texture":"#0"},"south":{"uv":[6.25,6,6.5,15],"texture":"#0"},"west":{"uv":[6.25,6,6.375,15],"texture":"#0"},"up":{"uv":[6.25,6,6.5,6.125],"texture":"#0"},"down":{"uv":[6.25,14.875,6.5,15],"texture":"#0"}}},{"from":[11,6.25,7],"to":[11.125,10,7.5],"faces":{"north":{"uv":[11.125,6,11,9.75],"texture":"#0"},"east":{"uv":[11,6,11.125,9.75],"texture":"#0"},"south":{"uv":[11,6,11.125,9.75],"texture":"#0"},"west":{"uv":[11,6,11.125,9.75],"texture":"#0"},"up":{"uv":[11,6,11.125,6.125],"texture":"#0"},"down":{"uv":[11,9.625,11.125,9.75],"texture":"#0"}}},{"from":[5.875,7,7],"to":[6.25,9.875,7.5],"faces":{"north":{"uv":[6.25,6.125,5.875,9],"texture":"#0"},"east":{"uv":[6.125,6.125,6.25,9],"texture":"#0"},"south":{"uv":[5.875,6.125,6.25,9],"texture":"#0"},"west":{"uv":[5.875,6.125,6,9],"texture":"#0"},"up":{"uv":[5.875,6.125,6.25,6.25],"texture":"#0"},"down":{"uv":[5.875,8.875,6.25,9],"texture":"#0"}}},{"from":[11.125,6.125,7],"to":[11.25,9.875,7.5],"faces":{"north":{"uv":[11.25,6.125,11.125,9.875],"texture":"#0"},"east":{"uv":[11.125,6.125,11.25,9.875],"texture":"#0"},"south":{"uv":[11.125,6.125,11.25,9.875],"texture":"#0"},"west":{"uv":[11.125,6.125,11.25,9.875],"texture":"#0"},"up":{"uv":[11.125,6.125,11.25,6.25],"texture":"#0"},"down":{"uv":[11.125,9.75,11.25,9.875],"texture":"#0"}}},{"from":[5,9.5,7],"to":[5.625,9.75,7.5],"faces":{"north":{"uv":[5.625,6.25,5,6.5],"texture":"#0"},"east":{"uv":[5.5,6.25,5.625,6.5],"texture":"#0"},"south":{"uv":[5,6.25,5.625,6.5],"texture":"#0"},"west":{"uv":[5,6.25,5.125,6.5],"texture":"#0"},"up":{"uv":[5,6.25,5.625,6.375],"texture":"#0"},"down":{"uv":[5,6.375,5.625,6.5],"texture":"#0"}}},{"from":[11.25,6.125,7],"to":[11.375,9.75,7.5],"faces":{"north":{"uv":[11.375,6.25,11.25,9.875],"texture":"#0"},"east":{"uv":[11.25,6.25,11.375,9.875],"texture":"#0"},"south":{"uv":[11.25,6.25,11.375,9.875],"texture":"#0"},"west":{"uv":[11.25,6.25,11.375,9.875],"texture":"#0"},"up":{"uv":[11.25,6.25,11.375,6.375],"texture":"#0"},"down":{"uv":[11.25,9.75,11.375,9.875],"texture":"#0"}}},{"from":[11.375,6,7],"to":[11.5,9.625,7.5],"faces":{"north":{"uv":[11.5,6.375,11.375,10],"texture":"#0"},"east":{"uv":[11.375,6.375,11.5,10],"texture":"#0"},"south":{"uv":[11.375,6.375,11.5,10],"texture":"#0"},"west":{"uv":[11.375,6.375,11.5,10],"texture":"#0"},"up":{"uv":[11.375,6.375,11.5,6.5],"texture":"#0"},"down":{"uv":[11.375,9.875,11.5,10],"texture":"#0"}}},{"from":[5.125,9.25,7],"to":[5.625,9.5,7.5],"faces":{"north":{"uv":[5.625,6.5,5.125,6.75],"texture":"#0"},"east":{"uv":[5.5,6.5,5.625,6.75],"texture":"#0"},"south":{"uv":[5.125,6.5,5.625,6.75],"texture":"#0"},"west":{"uv":[5.125,6.5,5.25,6.75],"texture":"#0"},"up":{"uv":[5.125,6.5,5.625,6.625],"texture":"#0"},"down":{"uv":[5.125,6.625,5.625,6.75],"texture":"#0"}}},{"from":[11.5,6,7],"to":[11.625,9.5,7.5],"faces":{"north":{"uv":[11.625,6.5,11.5,10],"texture":"#0"},"east":{"uv":[11.5,6.5,11.625,10],"texture":"#0"},"south":{"uv":[11.5,6.5,11.625,10],"texture":"#0"},"west":{"uv":[11.5,6.5,11.625,10],"texture":"#0"},"up":{"uv":[11.5,6.5,11.625,6.625],"texture":"#0"},"down":{"uv":[11.5,9.875,11.625,10],"texture":"#0"}}},{"from":[5.25,1.125,7],"to":[5.625,9.25,7.5],"faces":{"north":{"uv":[5.625,6.75,5.25,14.875],"texture":"#0"},"east":{"uv":[5.5,6.75,5.625,14.875],"texture":"#0"},"south":{"uv":[5.25,6.75,5.625,14.875],"texture":"#0"},"west":{"uv":[5.25,6.75,5.375,14.875],"texture":"#0"},"up":{"uv":[5.25,6.75,5.625,6.875],"texture":"#0"},"down":{"uv":[5.25,14.75,5.625,14.875],"texture":"#0"}}},{"from":[13,7.625,7],"to":[13.625,9.25,7.5],"faces":{"north":{"uv":[13.625,6.75,13,8.375],"texture":"#0"},"east":{"uv":[13.5,6.75,13.625,8.375],"texture":"#0"},"south":{"uv":[13,6.75,13.625,8.375],"texture":"#0"},"west":{"uv":[13,6.75,13.125,8.375],"texture":"#0"},"up":{"uv":[13,6.75,13.625,6.875],"texture":"#0"},"down":{"uv":[13,8.25,13.625,8.375],"texture":"#0"}}},{"from":[12.75,7.5,7],"to":[13,9.125,7.5],"faces":{"north":{"uv":[13,6.875,12.75,8.5],"texture":"#0"},"east":{"uv":[12.875,6.875,13,8.5],"texture":"#0"},"south":{"uv":[12.75,6.875,13,8.5],"texture":"#0"},"west":{"uv":[12.75,6.875,12.875,8.5],"texture":"#0"},"up":{"uv":[12.75,6.875,13,7],"texture":"#0"},"down":{"uv":[12.75,8.375,13,8.5],"texture":"#0"}}},{"from":[13.625,7.875,7],"to":[14,9.125,7.5],"faces":{"north":{"uv":[14,6.875,13.625,8.125],"texture":"#0"},"east":{"uv":[13.875,6.875,14,8.125],"texture":"#0"},"south":{"uv":[13.625,6.875,14,8.125],"texture":"#0"},"west":{"uv":[13.625,6.875,13.75,8.125],"texture":"#0"},"up":{"uv":[13.625,6.875,14,7],"texture":"#0"},"down":{"uv":[13.625,8,14,8.125],"texture":"#0"}}},{"from":[5.125,1.125,7],"to":[5.25,9,7.5],"faces":{"north":{"uv":[5.25,7,5.125,14.875],"texture":"#0"},"east":{"uv":[5.125,7,5.25,14.875],"texture":"#0"},"south":{"uv":[5.125,7,5.25,14.875],"texture":"#0"},"west":{"uv":[5.125,7,5.25,14.875],"texture":"#0"},"up":{"uv":[5.125,7,5.25,7.125],"texture":"#0"},"down":{"uv":[5.125,14.75,5.25,14.875],"texture":"#0"}}},{"from":[11.625,5.875,7],"to":[11.75,9,7.5],"faces":{"north":{"uv":[11.75,7,11.625,10.125],"texture":"#0"},"east":{"uv":[11.625,7,11.75,10.125],"texture":"#0"},"south":{"uv":[11.625,7,11.75,10.125],"texture":"#0"},"west":{"uv":[11.625,7,11.75,10.125],"texture":"#0"},"up":{"uv":[11.625,7,11.75,7.125],"texture":"#0"},"down":{"uv":[11.625,10,11.75,10.125],"texture":"#0"}}},{"from":[12.625,7.25,7],"to":[12.75,9,7.5],"faces":{"north":{"uv":[12.75,7,12.625,8.75],"texture":"#0"},"east":{"uv":[12.625,7,12.75,8.75],"texture":"#0"},"south":{"uv":[12.625,7,12.75,8.75],"texture":"#0"},"west":{"uv":[12.625,7,12.75,8.75],"texture":"#0"},"up":{"uv":[12.625,7,12.75,7.125],"texture":"#0"},"down":{"uv":[12.625,8.625,12.75,8.75],"texture":"#0"}}},{"from":[14,8.125,7],"to":[14.125,9,7.5],"faces":{"north":{"uv":[14.125,7,14,7.875],"texture":"#0"},"east":{"uv":[14,7,14.125,7.875],"texture":"#0"},"south":{"uv":[14,7,14.125,7.875],"texture":"#0"},"west":{"uv":[14,7,14.125,7.875],"texture":"#0"},"up":{"uv":[14,7,14.125,7.125],"texture":"#0"},"down":{"uv":[14,7.75,14.125,7.875],"texture":"#0"}}},{"from":[4.625,8.625,7],"to":[5.125,8.875,7.5],"faces":{"north":{"uv":[5.125,7.125,4.625,7.375],"texture":"#0"},"east":{"uv":[5,7.125,5.125,7.375],"texture":"#0"},"south":{"uv":[4.625,7.125,5.125,7.375],"texture":"#0"},"west":{"uv":[4.625,7.125,4.75,7.375],"texture":"#0"},"up":{"uv":[4.625,7.125,5.125,7.25],"texture":"#0"},"down":{"uv":[4.625,7.25,5.125,7.375],"texture":"#0"}}},{"from":[12.5,6.25,7],"to":[12.625,8.875,7.5],"faces":{"north":{"uv":[12.625,7.125,12.5,9.75],"texture":"#0"},"east":{"uv":[12.5,7.125,12.625,9.75],"texture":"#0"},"south":{"uv":[12.5,7.125,12.625,9.75],"texture":"#0"},"west":{"uv":[12.5,7.125,12.625,9.75],"texture":"#0"},"up":{"uv":[12.5,7.125,12.625,7.25],"texture":"#0"},"down":{"uv":[12.5,9.625,12.625,9.75],"texture":"#0"}}},{"from":[14.125,8.125,7],"to":[14.25,8.875,7.5],"faces":{"north":{"uv":[14.25,7.125,14.125,7.875],"texture":"#0"},"east":{"uv":[14.125,7.125,14.25,7.875],"texture":"#0"},"south":{"uv":[14.125,7.125,14.25,7.875],"texture":"#0"},"west":{"uv":[14.125,7.125,14.25,7.875],"texture":"#0"},"up":{"uv":[14.125,7.125,14.25,7.25],"texture":"#0"},"down":{"uv":[14.125,7.75,14.25,7.875],"texture":"#0"}}},{"from":[14.25,7.25,7],"to":[14.375,8.75,7.5],"faces":{"north":{"uv":[14.375,7.25,14.25,8.75],"texture":"#0"},"east":{"uv":[14.25,7.25,14.375,8.75],"texture":"#0"},"south":{"uv":[14.25,7.25,14.375,8.75],"texture":"#0"},"west":{"uv":[14.25,7.25,14.375,8.75],"texture":"#0"},"up":{"uv":[14.25,7.25,14.375,7.375],"texture":"#0"},"down":{"uv":[14.25,8.625,14.375,8.75],"texture":"#0"}}},{"from":[4.75,8.5,7],"to":[5.125,8.625,7.5],"faces":{"north":{"uv":[5.125,7.375,4.75,7.5],"texture":"#0"},"east":{"uv":[5,7.375,5.125,7.5],"texture":"#0"},"south":{"uv":[4.75,7.375,5.125,7.5],"texture":"#0"},"west":{"uv":[4.75,7.375,4.875,7.5],"texture":"#0"},"up":{"uv":[4.75,7.375,5.125,7.5],"texture":"#0"},"down":{"uv":[4.75,7.375,5.125,7.5],"texture":"#0"}}},{"from":[14.375,7.375,7],"to":[14.5,8.625,7.5],"faces":{"north":{"uv":[14.5,7.375,14.375,8.625],"texture":"#0"},"east":{"uv":[14.375,7.375,14.5,8.625],"texture":"#0"},"south":{"uv":[14.375,7.375,14.5,8.625],"texture":"#0"},"west":{"uv":[14.375,7.375,14.5,8.625],"texture":"#0"},"up":{"uv":[14.375,7.375,14.5,7.5],"texture":"#0"},"down":{"uv":[14.375,8.5,14.5,8.625],"texture":"#0"}}},{"from":[4.875,2.875,7],"to":[5.125,8.5,7.5],"faces":{"north":{"uv":[5.125,7.5,4.875,13.125],"texture":"#0"},"east":{"uv":[5,7.5,5.125,13.125],"texture":"#0"},"south":{"uv":[4.875,7.5,5.125,13.125],"texture":"#0"},"west":{"uv":[4.875,7.5,5,13.125],"texture":"#0"},"up":{"uv":[4.875,7.5,5.125,7.625],"texture":"#0"},"down":{"uv":[4.875,13,5.125,13.125],"texture":"#0"}}},{"from":[11.75,5.875,7],"to":[11.875,8.5,7.5],"faces":{"north":{"uv":[11.875,7.5,11.75,10.125],"texture":"#0"},"east":{"uv":[11.75,7.5,11.875,10.125],"texture":"#0"},"south":{"uv":[11.75,7.5,11.875,10.125],"texture":"#0"},"west":{"uv":[11.75,7.5,11.875,10.125],"texture":"#0"},"up":{"uv":[11.75,7.5,11.875,7.625],"texture":"#0"},"down":{"uv":[11.75,10,11.875,10.125],"texture":"#0"}}},{"from":[14.5,7.625,7],"to":[14.625,8.25,7.5],"faces":{"north":{"uv":[14.625,7.75,14.5,8.375],"texture":"#0"},"east":{"uv":[14.5,7.75,14.625,8.375],"texture":"#0"},"south":{"uv":[14.5,7.75,14.625,8.375],"texture":"#0"},"west":{"uv":[14.5,7.75,14.625,8.375],"texture":"#0"},"up":{"uv":[14.5,7.75,14.625,7.875],"texture":"#0"},"down":{"uv":[14.5,8.25,14.625,8.375],"texture":"#0"}}},{"from":[4.625,4.875,7],"to":[4.875,8.125,7.5],"faces":{"north":{"uv":[4.875,7.875,4.625,11.125],"texture":"#0"},"east":{"uv":[4.75,7.875,4.875,11.125],"texture":"#0"},"south":{"uv":[4.625,7.875,4.875,11.125],"texture":"#0"},"west":{"uv":[4.625,7.875,4.75,11.125],"texture":"#0"},"up":{"uv":[4.625,7.875,4.875,8],"texture":"#0"},"down":{"uv":[4.625,11,4.875,11.125],"texture":"#0"}}},{"from":[4.375,7.875,7],"to":[4.625,8,7.5],"faces":{"north":{"uv":[4.625,8,4.375,8.125],"texture":"#0"},"east":{"uv":[4.5,8,4.625,8.125],"texture":"#0"},"south":{"uv":[4.375,8,4.625,8.125],"texture":"#0"},"west":{"uv":[4.375,8,4.5,8.125],"texture":"#0"},"up":{"uv":[4.375,8,4.625,8.125],"texture":"#0"},"down":{"uv":[4.375,8,4.625,8.125],"texture":"#0"}}},{"from":[11.875,5.875,7],"to":[12,8,7.5],"faces":{"north":{"uv":[12,8,11.875,10.125],"texture":"#0"},"east":{"uv":[11.875,8,12,10.125],"texture":"#0"},"south":{"uv":[11.875,8,12,10.125],"texture":"#0"},"west":{"uv":[11.875,8,12,10.125],"texture":"#0"},"up":{"uv":[11.875,8,12,8.125],"texture":"#0"},"down":{"uv":[11.875,10,12,10.125],"texture":"#0"}}},{"from":[12.375,6.125,7],"to":[12.5,8,7.5],"faces":{"north":{"uv":[12.5,8,12.375,9.875],"texture":"#0"},"east":{"uv":[12.375,8,12.5,9.875],"texture":"#0"},"south":{"uv":[12.375,8,12.5,9.875],"texture":"#0"},"west":{"uv":[12.375,8,12.5,9.875],"texture":"#0"},"up":{"uv":[12.375,8,12.5,8.125],"texture":"#0"},"down":{"uv":[12.375,9.75,12.5,9.875],"texture":"#0"}}},{"from":[4.5,7.75,7],"to":[4.625,7.875,7.5],"faces":{"north":{"uv":[4.625,8.125,4.5,8.25],"texture":"#0"},"east":{"uv":[4.5,8.125,4.625,8.25],"texture":"#0"},"south":{"uv":[4.5,8.125,4.625,8.25],"texture":"#0"},"west":{"uv":[4.5,8.125,4.625,8.25],"texture":"#0"},"up":{"uv":[4.5,8.125,4.625,8.25],"texture":"#0"},"down":{"uv":[4.5,8.125,4.625,8.25],"texture":"#0"}}},{"from":[12,6.125,7],"to":[12.375,7.875,7.5],"faces":{"north":{"uv":[12.375,8.125,12,9.875],"texture":"#0"},"east":{"uv":[12.25,8.125,12.375,9.875],"texture":"#0"},"south":{"uv":[12,8.125,12.375,9.875],"texture":"#0"},"west":{"uv":[12,8.125,12.125,9.875],"texture":"#0"},"up":{"uv":[12,8.125,12.375,8.25],"texture":"#0"},"down":{"uv":[12,9.75,12.375,9.875],"texture":"#0"}}},{"from":[13.625,7,7],"to":[13.875,7.875,7.5],"faces":{"north":{"uv":[13.875,8.125,13.625,9],"texture":"#0"},"east":{"uv":[13.75,8.125,13.875,9],"texture":"#0"},"south":{"uv":[13.625,8.125,13.875,9],"texture":"#0"},"west":{"uv":[13.625,8.125,13.75,9],"texture":"#0"},"up":{"uv":[13.625,8.125,13.875,8.25],"texture":"#0"},"down":{"uv":[13.625,8.875,13.875,9],"texture":"#0"}}},{"from":[13.875,7.125,7],"to":[14.25,7.75,7.5],"faces":{"north":{"uv":[14.25,8.25,13.875,8.875],"texture":"#0"},"east":{"uv":[14.125,8.25,14.25,8.875],"texture":"#0"},"south":{"uv":[13.875,8.25,14.25,8.875],"texture":"#0"},"west":{"uv":[13.875,8.25,14,8.875],"texture":"#0"},"up":{"uv":[13.875,8.25,14.25,8.375],"texture":"#0"},"down":{"uv":[13.875,8.75,14.25,8.875],"texture":"#0"}}},{"from":[10,7.5,7],"to":[10.25,7.625,7.5],"faces":{"north":{"uv":[10.25,8.375,10,8.5],"texture":"#0"},"east":{"uv":[10.125,8.375,10.25,8.5],"texture":"#0"},"south":{"uv":[10,8.375,10.25,8.5],"texture":"#0"},"west":{"uv":[10,8.375,10.125,8.5],"texture":"#0"},"up":{"uv":[10,8.375,10.25,8.5],"texture":"#0"},"down":{"uv":[10,8.375,10.25,8.5],"texture":"#0"}}},{"from":[10.5,7.25,7],"to":[10.75,7.625,7.5],"faces":{"north":{"uv":[10.75,8.375,10.5,8.75],"texture":"#0"},"east":{"uv":[10.625,8.375,10.75,8.75],"texture":"#0"},"south":{"uv":[10.5,8.375,10.75,8.75],"texture":"#0"},"west":{"uv":[10.5,8.375,10.625,8.75],"texture":"#0"},"up":{"uv":[10.5,8.375,10.75,8.5],"texture":"#0"},"down":{"uv":[10.5,8.625,10.75,8.75],"texture":"#0"}}},{"from":[13,7.5,7],"to":[13.25,7.625,7.5],"faces":{"north":{"uv":[13.25,8.375,13,8.5],"texture":"#0"},"east":{"uv":[13.125,8.375,13.25,8.5],"texture":"#0"},"south":{"uv":[13,8.375,13.25,8.5],"texture":"#0"},"west":{"uv":[13,8.375,13.125,8.5],"texture":"#0"},"up":{"uv":[13,8.375,13.25,8.5],"texture":"#0"},"down":{"uv":[13,8.375,13.25,8.5],"texture":"#0"}}},{"from":[13.375,7,7],"to":[13.625,7.625,7.5],"faces":{"north":{"uv":[13.625,8.375,13.375,9],"texture":"#0"},"east":{"uv":[13.5,8.375,13.625,9],"texture":"#0"},"south":{"uv":[13.375,8.375,13.625,9],"texture":"#0"},"west":{"uv":[13.375,8.375,13.5,9],"texture":"#0"},"up":{"uv":[13.375,8.375,13.625,8.5],"texture":"#0"},"down":{"uv":[13.375,8.875,13.625,9],"texture":"#0"}}},{"from":[10,7.375,7],"to":[10.125,7.5,7.5],"faces":{"north":{"uv":[10.125,8.5,10,8.625],"texture":"#0"},"east":{"uv":[10,8.5,10.125,8.625],"texture":"#0"},"south":{"uv":[10,8.5,10.125,8.625],"texture":"#0"},"west":{"uv":[10,8.5,10.125,8.625],"texture":"#0"},"up":{"uv":[10,8.5,10.125,8.625],"texture":"#0"},"down":{"uv":[10,8.5,10.125,8.625],"texture":"#0"}}},{"from":[12.875,7.125,7],"to":[13.125,7.5,7.5],"faces":{"north":{"uv":[13.125,8.5,12.875,8.875],"texture":"#0"},"east":{"uv":[13,8.5,13.125,8.875],"texture":"#0"},"south":{"uv":[12.875,8.5,13.125,8.875],"texture":"#0"},"west":{"uv":[12.875,8.5,13,8.875],"texture":"#0"},"up":{"uv":[12.875,8.5,13.125,8.625],"texture":"#0"},"down":{"uv":[12.875,8.75,13.125,8.875],"texture":"#0"}}},{"from":[13.25,6.875,7],"to":[13.375,7.5,7.5],"faces":{"north":{"uv":[13.375,8.5,13.25,9.125],"texture":"#0"},"east":{"uv":[13.25,8.5,13.375,9.125],"texture":"#0"},"south":{"uv":[13.25,8.5,13.375,9.125],"texture":"#0"},"west":{"uv":[13.25,8.5,13.375,9.125],"texture":"#0"},"up":{"uv":[13.25,8.5,13.375,8.625],"texture":"#0"},"down":{"uv":[13.25,9,13.375,9.125],"texture":"#0"}}},{"from":[2.125,6.5,7],"to":[3.125,7.375,7.5],"faces":{"north":{"uv":[3.125,8.625,2.125,9.5],"texture":"#0"},"east":{"uv":[3,8.625,3.125,9.5],"texture":"#0"},"south":{"uv":[2.125,8.625,3.125,9.5],"texture":"#0"},"west":{"uv":[2.125,8.625,2.25,9.5],"texture":"#0"},"up":{"uv":[2.125,8.625,3.125,8.75],"texture":"#0"},"down":{"uv":[2.125,9.375,3.125,9.5],"texture":"#0"}}},{"from":[4.25,6.875,7],"to":[4.625,7.375,7.5],"faces":{"north":{"uv":[4.625,8.625,4.25,9.125],"texture":"#0"},"east":{"uv":[4.5,8.625,4.625,9.125],"texture":"#0"},"south":{"uv":[4.25,8.625,4.625,9.125],"texture":"#0"},"west":{"uv":[4.25,8.625,4.375,9.125],"texture":"#0"},"up":{"uv":[4.25,8.625,4.625,8.75],"texture":"#0"},"down":{"uv":[4.25,9,4.625,9.125],"texture":"#0"}}},{"from":[13.125,6.75,7],"to":[13.25,7.375,7.5],"faces":{"north":{"uv":[13.25,8.625,13.125,9.25],"texture":"#0"},"east":{"uv":[13.125,8.625,13.25,9.25],"texture":"#0"},"south":{"uv":[13.125,8.625,13.25,9.25],"texture":"#0"},"west":{"uv":[13.125,8.625,13.25,9.25],"texture":"#0"},"up":{"uv":[13.125,8.625,13.25,8.75],"texture":"#0"},"down":{"uv":[13.125,9.125,13.25,9.25],"texture":"#0"}}},{"from":[2,5.25,7],"to":[2.125,7.25,7.5],"faces":{"north":{"uv":[2.125,8.75,2,10.75],"texture":"#0"},"east":{"uv":[2,8.75,2.125,10.75],"texture":"#0"},"south":{"uv":[2,8.75,2.125,10.75],"texture":"#0"},"west":{"uv":[2,8.75,2.125,10.75],"texture":"#0"},"up":{"uv":[2,8.75,2.125,8.875],"texture":"#0"},"down":{"uv":[2,10.625,2.125,10.75],"texture":"#0"}}},{"from":[3.125,2.375,7],"to":[3.25,7.25,7.5],"faces":{"north":{"uv":[3.25,8.75,3.125,13.625],"texture":"#0"},"east":{"uv":[3.125,8.75,3.25,13.625],"texture":"#0"},"south":{"uv":[3.125,8.75,3.25,13.625],"texture":"#0"},"west":{"uv":[3.125,8.75,3.25,13.625],"texture":"#0"},"up":{"uv":[3.125,8.75,3.25,8.875],"texture":"#0"},"down":{"uv":[3.125,13.5,3.25,13.625],"texture":"#0"}}},{"from":[4.125,7,7],"to":[4.25,7.25,7.5],"faces":{"north":{"uv":[4.25,8.75,4.125,9],"texture":"#0"},"east":{"uv":[4.125,8.75,4.25,9],"texture":"#0"},"south":{"uv":[4.125,8.75,4.25,9],"texture":"#0"},"west":{"uv":[4.125,8.75,4.25,9],"texture":"#0"},"up":{"uv":[4.125,8.75,4.25,8.875],"texture":"#0"},"down":{"uv":[4.125,8.875,4.25,9],"texture":"#0"}}},{"from":[10.625,6.875,7],"to":[10.75,7.25,7.5],"faces":{"north":{"uv":[10.75,8.75,10.625,9.125],"texture":"#0"},"east":{"uv":[10.625,8.75,10.75,9.125],"texture":"#0"},"south":{"uv":[10.625,8.75,10.75,9.125],"texture":"#0"},"west":{"uv":[10.625,8.75,10.75,9.125],"texture":"#0"},"up":{"uv":[10.625,8.75,10.75,8.875],"texture":"#0"},"down":{"uv":[10.625,9,10.75,9.125],"texture":"#0"}}},{"from":[12.75,7.125,7],"to":[12.875,7.25,7.5],"faces":{"north":{"uv":[12.875,8.75,12.75,8.875],"texture":"#0"},"east":{"uv":[12.75,8.75,12.875,8.875],"texture":"#0"},"south":{"uv":[12.75,8.75,12.875,8.875],"texture":"#0"},"west":{"uv":[12.75,8.75,12.875,8.875],"texture":"#0"},"up":{"uv":[12.75,8.75,12.875,8.875],"texture":"#0"},"down":{"uv":[12.75,8.75,12.875,8.875],"texture":"#0"}}},{"from":[1.75,6.875,7],"to":[2,7.125,7.5],"faces":{"north":{"uv":[2,8.875,1.75,9.125],"texture":"#0"},"east":{"uv":[1.875,8.875,2,9.125],"texture":"#0"},"south":{"uv":[1.75,8.875,2,9.125],"texture":"#0"},"west":{"uv":[1.75,8.875,1.875,9.125],"texture":"#0"},"up":{"uv":[1.75,8.875,2,9],"texture":"#0"},"down":{"uv":[1.75,9,2,9.125],"texture":"#0"}}},{"from":[3.25,2.25,7],"to":[3.5,7.125,7.5],"faces":{"north":{"uv":[3.5,8.875,3.25,13.75],"texture":"#0"},"east":{"uv":[3.375,8.875,3.5,13.75],"texture":"#0"},"south":{"uv":[3.25,8.875,3.5,13.75],"texture":"#0"},"west":{"uv":[3.25,8.875,3.375,13.75],"texture":"#0"},"up":{"uv":[3.25,8.875,3.5,9],"texture":"#0"},"down":{"uv":[3.25,13.625,3.5,13.75],"texture":"#0"}}},{"from":[9.125,6.625,7],"to":[9.75,7.125,7.5],"faces":{"north":{"uv":[9.75,8.875,9.125,9.375],"texture":"#0"},"east":{"uv":[9.625,8.875,9.75,9.375],"texture":"#0"},"south":{"uv":[9.125,8.875,9.75,9.375],"texture":"#0"},"west":{"uv":[9.125,8.875,9.25,9.375],"texture":"#0"},"up":{"uv":[9.125,8.875,9.75,9],"texture":"#0"},"down":{"uv":[9.125,9.25,9.75,9.375],"texture":"#0"}}},{"from":[9.75,6.875,7],"to":[9.875,7.125,7.5],"faces":{"north":{"uv":[9.875,8.875,9.75,9.125],"texture":"#0"},"east":{"uv":[9.75,8.875,9.875,9.125],"texture":"#0"},"south":{"uv":[9.75,8.875,9.875,9.125],"texture":"#0"},"west":{"uv":[9.75,8.875,9.875,9.125],"texture":"#0"},"up":{"uv":[9.75,8.875,9.875,9],"texture":"#0"},"down":{"uv":[9.75,9,9.875,9.125],"texture":"#0"}}},{"from":[12.875,7,7],"to":[13,7.125,7.5],"faces":{"north":{"uv":[13,8.875,12.875,9],"texture":"#0"},"east":{"uv":[12.875,8.875,13,9],"texture":"#0"},"south":{"uv":[12.875,8.875,13,9],"texture":"#0"},"west":{"uv":[12.875,8.875,13,9],"texture":"#0"},"up":{"uv":[12.875,8.875,13,9],"texture":"#0"},"down":{"uv":[12.875,8.875,13,9],"texture":"#0"}}},{"from":[13.875,7,7],"to":[14,7.125,7.5],"faces":{"north":{"uv":[14,8.875,13.875,9],"texture":"#0"},"east":{"uv":[13.875,8.875,14,9],"texture":"#0"},"south":{"uv":[13.875,8.875,14,9],"texture":"#0"},"west":{"uv":[13.875,8.875,14,9],"texture":"#0"},"up":{"uv":[13.875,8.875,14,9],"texture":"#0"},"down":{"uv":[13.875,8.875,14,9],"texture":"#0"}}},{"from":[3.5,2,7],"to":[3.625,7,7.5],"faces":{"north":{"uv":[3.625,9,3.5,14],"texture":"#0"},"east":{"uv":[3.5,9,3.625,14],"texture":"#0"},"south":{"uv":[3.5,9,3.625,14],"texture":"#0"},"west":{"uv":[3.5,9,3.625,14],"texture":"#0"},"up":{"uv":[3.5,9,3.625,9.125],"texture":"#0"},"down":{"uv":[3.5,13.875,3.625,14],"texture":"#0"}}},{"from":[6,1.125,7],"to":[6.25,7,7.5],"faces":{"north":{"uv":[6.25,9,6,14.875],"texture":"#0"},"east":{"uv":[6.125,9,6.25,14.875],"texture":"#0"},"south":{"uv":[6,9,6.25,14.875],"texture":"#0"},"west":{"uv":[6,9,6.125,14.875],"texture":"#0"},"up":{"uv":[6,9,6.25,9.125],"texture":"#0"},"down":{"uv":[6,14.75,6.25,14.875],"texture":"#0"}}},{"from":[12.75,6.5,7],"to":[12.875,7,7.5],"faces":{"north":{"uv":[12.875,9,12.75,9.5],"texture":"#0"},"east":{"uv":[12.75,9,12.875,9.5],"texture":"#0"},"south":{"uv":[12.75,9,12.875,9.5],"texture":"#0"},"west":{"uv":[12.75,9,12.875,9.5],"texture":"#0"},"up":{"uv":[12.75,9,12.875,9.125],"texture":"#0"},"down":{"uv":[12.75,9.375,12.875,9.5],"texture":"#0"}}},{"from":[13,6.625,7],"to":[13.125,7,7.5],"faces":{"north":{"uv":[13.125,9,13,9.375],"texture":"#0"},"east":{"uv":[13,9,13.125,9.375],"texture":"#0"},"south":{"uv":[13,9,13.125,9.375],"texture":"#0"},"west":{"uv":[13,9,13.125,9.375],"texture":"#0"},"up":{"uv":[13,9,13.125,9.125],"texture":"#0"},"down":{"uv":[13,9.25,13.125,9.375],"texture":"#0"}}},{"from":[1.625,5.375,7],"to":[1.75,6.875,7.5],"faces":{"north":{"uv":[1.75,9.125,1.625,10.625],"texture":"#0"},"east":{"uv":[1.625,9.125,1.75,10.625],"texture":"#0"},"south":{"uv":[1.625,9.125,1.75,10.625],"texture":"#0"},"west":{"uv":[1.625,9.125,1.75,10.625],"texture":"#0"},"up":{"uv":[1.625,9.125,1.75,9.25],"texture":"#0"},"down":{"uv":[1.625,10.5,1.75,10.625],"texture":"#0"}}},{"from":[1.875,5.25,7],"to":[2,6.875,7.5],"faces":{"north":{"uv":[2,9.125,1.875,10.75],"texture":"#0"},"east":{"uv":[1.875,9.125,2,10.75],"texture":"#0"},"south":{"uv":[1.875,9.125,2,10.75],"texture":"#0"},"west":{"uv":[1.875,9.125,2,10.75],"texture":"#0"},"up":{"uv":[1.875,9.125,2,9.25],"texture":"#0"},"down":{"uv":[1.875,10.625,2,10.75],"texture":"#0"}}},{"from":[3.625,4.5,7],"to":[3.75,6.875,7.5],"faces":{"north":{"uv":[3.75,9.125,3.625,11.5],"texture":"#0"},"east":{"uv":[3.625,9.125,3.75,11.5],"texture":"#0"},"south":{"uv":[3.625,9.125,3.75,11.5],"texture":"#0"},"west":{"uv":[3.625,9.125,3.75,11.5],"texture":"#0"},"up":{"uv":[3.625,9.125,3.75,9.25],"texture":"#0"},"down":{"uv":[3.625,11.375,3.75,11.5],"texture":"#0"}}},{"from":[4.5,6.75,7],"to":[4.625,6.875,7.5],"faces":{"north":{"uv":[4.625,9.125,4.5,9.25],"texture":"#0"},"east":{"uv":[4.5,9.125,4.625,9.25],"texture":"#0"},"south":{"uv":[4.5,9.125,4.625,9.25],"texture":"#0"},"west":{"uv":[4.5,9.125,4.625,9.25],"texture":"#0"},"up":{"uv":[4.5,9.125,4.625,9.25],"texture":"#0"},"down":{"uv":[4.5,9.125,4.625,9.25],"texture":"#0"}}},{"from":[5.875,6.75,7],"to":[6,6.875,7.5],"faces":{"north":{"uv":[6,9.125,5.875,9.25],"texture":"#0"},"east":{"uv":[5.875,9.125,6,9.25],"texture":"#0"},"south":{"uv":[5.875,9.125,6,9.25],"texture":"#0"},"west":{"uv":[5.875,9.125,6,9.25],"texture":"#0"},"up":{"uv":[5.875,9.125,6,9.25],"texture":"#0"},"down":{"uv":[5.875,9.125,6,9.25],"texture":"#0"}}},{"from":[12.625,6.375,7],"to":[12.75,6.875,7.5],"faces":{"north":{"uv":[12.75,9.125,12.625,9.625],"texture":"#0"},"east":{"uv":[12.625,9.125,12.75,9.625],"texture":"#0"},"south":{"uv":[12.625,9.125,12.75,9.625],"texture":"#0"},"west":{"uv":[12.625,9.125,12.75,9.625],"texture":"#0"},"up":{"uv":[12.625,9.125,12.75,9.25],"texture":"#0"},"down":{"uv":[12.625,9.5,12.75,9.625],"texture":"#0"}}},{"from":[12.875,6.5,7],"to":[13,6.875,7.5],"faces":{"north":{"uv":[13,9.125,12.875,9.5],"texture":"#0"},"east":{"uv":[12.875,9.125,13,9.5],"texture":"#0"},"south":{"uv":[12.875,9.125,13,9.5],"texture":"#0"},"west":{"uv":[12.875,9.125,13,9.5],"texture":"#0"},"up":{"uv":[12.875,9.125,13,9.25],"texture":"#0"},"down":{"uv":[12.875,9.375,13,9.5],"texture":"#0"}}},{"from":[1.5,5.625,7],"to":[1.625,6.75,7.5],"faces":{"north":{"uv":[1.625,9.25,1.5,10.375],"texture":"#0"},"east":{"uv":[1.5,9.25,1.625,10.375],"texture":"#0"},"south":{"uv":[1.5,9.25,1.625,10.375],"texture":"#0"},"west":{"uv":[1.5,9.25,1.625,10.375],"texture":"#0"},"up":{"uv":[1.5,9.25,1.625,9.375],"texture":"#0"},"down":{"uv":[1.5,10.25,1.625,10.375],"texture":"#0"}}},{"from":[1.75,5.375,7],"to":[1.875,6.625,7.5],"faces":{"north":{"uv":[1.875,9.375,1.75,10.625],"texture":"#0"},"east":{"uv":[1.75,9.375,1.875,10.625],"texture":"#0"},"south":{"uv":[1.75,9.375,1.875,10.625],"texture":"#0"},"west":{"uv":[1.75,9.375,1.875,10.625],"texture":"#0"},"up":{"uv":[1.75,9.375,1.875,9.5],"texture":"#0"},"down":{"uv":[1.75,10.5,1.875,10.625],"texture":"#0"}}},{"from":[5.875,1.125,7],"to":[6,6.625,7.5],"faces":{"north":{"uv":[6,9.375,5.875,14.875],"texture":"#0"},"east":{"uv":[5.875,9.375,6,14.875],"texture":"#0"},"south":{"uv":[5.875,9.375,6,14.875],"texture":"#0"},"west":{"uv":[5.875,9.375,6,14.875],"texture":"#0"},"up":{"uv":[5.875,9.375,6,9.5],"texture":"#0"},"down":{"uv":[5.875,14.75,6,14.875],"texture":"#0"}}},{"from":[9.125,5.375,7],"to":[9.5,6.625,7.5],"faces":{"north":{"uv":[9.5,9.375,9.125,10.625],"texture":"#0"},"east":{"uv":[9.375,9.375,9.5,10.625],"texture":"#0"},"south":{"uv":[9.125,9.375,9.5,10.625],"texture":"#0"},"west":{"uv":[9.125,9.375,9.25,10.625],"texture":"#0"},"up":{"uv":[9.125,9.375,9.5,9.5],"texture":"#0"},"down":{"uv":[9.125,10.5,9.5,10.625],"texture":"#0"}}},{"from":[9.5,6.375,7],"to":[9.625,6.625,7.5],"faces":{"north":{"uv":[9.625,9.375,9.5,9.625],"texture":"#0"},"east":{"uv":[9.5,9.375,9.625,9.625],"texture":"#0"},"south":{"uv":[9.5,9.375,9.625,9.625],"texture":"#0"},"west":{"uv":[9.5,9.375,9.625,9.625],"texture":"#0"},"up":{"uv":[9.5,9.375,9.625,9.5],"texture":"#0"},"down":{"uv":[9.5,9.5,9.625,9.625],"texture":"#0"}}},{"from":[2.125,6.375,7],"to":[2.375,6.5,7.5],"faces":{"north":{"uv":[2.375,9.5,2.125,9.625],"texture":"#0"},"east":{"uv":[2.25,9.5,2.375,9.625],"texture":"#0"},"south":{"uv":[2.125,9.5,2.375,9.625],"texture":"#0"},"west":{"uv":[2.125,9.5,2.25,9.625],"texture":"#0"},"up":{"uv":[2.125,9.5,2.375,9.625],"texture":"#0"},"down":{"uv":[2.125,9.5,2.375,9.625],"texture":"#0"}}},{"from":[2.75,6.375,7],"to":[3.125,6.5,7.5],"faces":{"north":{"uv":[3.125,9.5,2.75,9.625],"texture":"#0"},"east":{"uv":[3,9.5,3.125,9.625],"texture":"#0"},"south":{"uv":[2.75,9.5,3.125,9.625],"texture":"#0"},"west":{"uv":[2.75,9.5,2.875,9.625],"texture":"#0"},"up":{"uv":[2.75,9.5,3.125,9.625],"texture":"#0"},"down":{"uv":[2.75,9.5,3.125,9.625],"texture":"#0"}}},{"from":[3.75,5.25,7],"to":[3.875,6.5,7.5],"faces":{"north":{"uv":[3.875,9.5,3.75,10.75],"texture":"#0"},"east":{"uv":[3.75,9.5,3.875,10.75],"texture":"#0"},"south":{"uv":[3.75,9.5,3.875,10.75],"texture":"#0"},"west":{"uv":[3.75,9.5,3.875,10.75],"texture":"#0"},"up":{"uv":[3.75,9.5,3.875,9.625],"texture":"#0"},"down":{"uv":[3.75,10.625,3.875,10.75],"texture":"#0"}}},{"from":[4.25,6,7],"to":[4.625,6.5,7.5],"faces":{"north":{"uv":[4.625,9.5,4.25,10],"texture":"#0"},"east":{"uv":[4.5,9.5,4.625,10],"texture":"#0"},"south":{"uv":[4.25,9.5,4.625,10],"texture":"#0"},"west":{"uv":[4.25,9.5,4.375,10],"texture":"#0"},"up":{"uv":[4.25,9.5,4.625,9.625],"texture":"#0"},"down":{"uv":[4.25,9.875,4.625,10],"texture":"#0"}}},{"from":[1.375,5.875,7],"to":[1.5,6.375,7.5],"faces":{"north":{"uv":[1.5,9.625,1.375,10.125],"texture":"#0"},"east":{"uv":[1.375,9.625,1.5,10.125],"texture":"#0"},"south":{"uv":[1.375,9.625,1.5,10.125],"texture":"#0"},"west":{"uv":[1.375,9.625,1.5,10.125],"texture":"#0"},"up":{"uv":[1.375,9.625,1.5,9.75],"texture":"#0"},"down":{"uv":[1.375,10,1.5,10.125],"texture":"#0"}}},{"from":[2.125,5.25,7],"to":[2.25,6.375,7.5],"faces":{"north":{"uv":[2.25,9.625,2.125,10.75],"texture":"#0"},"east":{"uv":[2.125,9.625,2.25,10.75],"texture":"#0"},"south":{"uv":[2.125,9.625,2.25,10.75],"texture":"#0"},"west":{"uv":[2.125,9.625,2.25,10.75],"texture":"#0"},"up":{"uv":[2.125,9.625,2.25,9.75],"texture":"#0"},"down":{"uv":[2.125,10.625,2.25,10.75],"texture":"#0"}}},{"from":[2.875,6.25,7],"to":[3.125,6.375,7.5],"faces":{"north":{"uv":[3.125,9.625,2.875,9.75],"texture":"#0"},"east":{"uv":[3,9.625,3.125,9.75],"texture":"#0"},"south":{"uv":[2.875,9.625,3.125,9.75],"texture":"#0"},"west":{"uv":[2.875,9.625,3,9.75],"texture":"#0"},"up":{"uv":[2.875,9.625,3.125,9.75],"texture":"#0"},"down":{"uv":[2.875,9.625,3.125,9.75],"texture":"#0"}}},{"from":[4.125,6,7],"to":[4.25,6.375,7.5],"faces":{"north":{"uv":[4.25,9.625,4.125,10],"texture":"#0"},"east":{"uv":[4.125,9.625,4.25,10],"texture":"#0"},"south":{"uv":[4.125,9.625,4.25,10],"texture":"#0"},"west":{"uv":[4.125,9.625,4.25,10],"texture":"#0"},"up":{"uv":[4.125,9.625,4.25,9.75],"texture":"#0"},"down":{"uv":[4.125,9.875,4.25,10],"texture":"#0"}}},{"from":[3,2.625,7],"to":[3.125,6.25,7.5],"faces":{"north":{"uv":[3.125,9.75,3,13.375],"texture":"#0"},"east":{"uv":[3,9.75,3.125,13.375],"texture":"#0"},"south":{"uv":[3,9.75,3.125,13.375],"texture":"#0"},"west":{"uv":[3,9.75,3.125,13.375],"texture":"#0"},"up":{"uv":[3,9.75,3.125,9.875],"texture":"#0"},"down":{"uv":[3,13.25,3.125,13.375],"texture":"#0"}}},{"from":[2.25,5.25,7],"to":[2.375,6.125,7.5],"faces":{"north":{"uv":[2.375,9.875,2.25,10.75],"texture":"#0"},"east":{"uv":[2.25,9.875,2.375,10.75],"texture":"#0"},"south":{"uv":[2.25,9.875,2.375,10.75],"texture":"#0"},"west":{"uv":[2.25,9.875,2.375,10.75],"texture":"#0"},"up":{"uv":[2.25,9.875,2.375,10],"texture":"#0"},"down":{"uv":[2.25,10.625,2.375,10.75],"texture":"#0"}}},{"from":[12,6,7],"to":[12.25,6.125,7.5],"faces":{"north":{"uv":[12.25,9.875,12,10],"texture":"#0"},"east":{"uv":[12.125,9.875,12.25,10],"texture":"#0"},"south":{"uv":[12,9.875,12.25,10],"texture":"#0"},"west":{"uv":[12,9.875,12.125,10],"texture":"#0"},"up":{"uv":[12,9.875,12.25,10],"texture":"#0"},"down":{"uv":[12,9.875,12.25,10],"texture":"#0"}}},{"from":[2.375,5.375,7],"to":[2.5,6,7.5],"faces":{"north":{"uv":[2.5,10,2.375,10.625],"texture":"#0"},"east":{"uv":[2.375,10,2.5,10.625],"texture":"#0"},"south":{"uv":[2.375,10,2.5,10.625],"texture":"#0"},"west":{"uv":[2.375,10,2.5,10.625],"texture":"#0"},"up":{"uv":[2.375,10,2.5,10.125],"texture":"#0"},"down":{"uv":[2.375,10.5,2.5,10.625],"texture":"#0"}}},{"from":[4.375,5,7],"to":[4.625,6,7.5],"faces":{"north":{"uv":[4.625,10,4.375,11],"texture":"#0"},"east":{"uv":[4.5,10,4.625,11],"texture":"#0"},"south":{"uv":[4.375,10,4.625,11],"texture":"#0"},"west":{"uv":[4.375,10,4.5,11],"texture":"#0"},"up":{"uv":[4.375,10,4.625,10.125],"texture":"#0"},"down":{"uv":[4.375,10.875,4.625,11],"texture":"#0"}}},{"from":[2.5,5.5,7],"to":[2.625,5.875,7.5],"faces":{"north":{"uv":[2.625,10.125,2.5,10.5],"texture":"#0"},"east":{"uv":[2.5,10.125,2.625,10.5],"texture":"#0"},"south":{"uv":[2.5,10.125,2.625,10.5],"texture":"#0"},"west":{"uv":[2.5,10.125,2.625,10.5],"texture":"#0"},"up":{"uv":[2.5,10.125,2.625,10.25],"texture":"#0"},"down":{"uv":[2.5,10.375,2.625,10.5],"texture":"#0"}}},{"from":[2.875,3,7],"to":[3,5.75,7.5],"faces":{"north":{"uv":[3,10.25,2.875,13],"texture":"#0"},"east":{"uv":[2.875,10.25,3,13],"texture":"#0"},"south":{"uv":[2.875,10.25,3,13],"texture":"#0"},"west":{"uv":[2.875,10.25,3,13],"texture":"#0"},"up":{"uv":[2.875,10.25,3,10.375],"texture":"#0"},"down":{"uv":[2.875,12.875,3,13],"texture":"#0"}}},{"from":[4.25,5.125,7],"to":[4.375,5.75,7.5],"faces":{"north":{"uv":[4.375,10.25,4.25,10.875],"texture":"#0"},"east":{"uv":[4.25,10.25,4.375,10.875],"texture":"#0"},"south":{"uv":[4.25,10.25,4.375,10.875],"texture":"#0"},"west":{"uv":[4.25,10.25,4.375,10.875],"texture":"#0"},"up":{"uv":[4.25,10.25,4.375,10.375],"texture":"#0"},"down":{"uv":[4.25,10.75,4.375,10.875],"texture":"#0"}}},{"from":[4.125,5.125,7],"to":[4.25,5.625,7.5],"faces":{"north":{"uv":[4.25,10.375,4.125,10.875],"texture":"#0"},"east":{"uv":[4.125,10.375,4.25,10.875],"texture":"#0"},"south":{"uv":[4.125,10.375,4.25,10.875],"texture":"#0"},"west":{"uv":[4.125,10.375,4.25,10.875],"texture":"#0"},"up":{"uv":[4.125,10.375,4.25,10.5],"texture":"#0"},"down":{"uv":[4.125,10.75,4.25,10.875],"texture":"#0"}}},{"from":[3.875,5.375,7],"to":[4.125,5.5,7.5],"faces":{"north":{"uv":[4.125,10.5,3.875,10.625],"texture":"#0"},"east":{"uv":[4,10.5,4.125,10.625],"texture":"#0"},"south":{"uv":[3.875,10.5,4.125,10.625],"texture":"#0"},"west":{"uv":[3.875,10.5,4,10.625],"texture":"#0"},"up":{"uv":[3.875,10.5,4.125,10.625],"texture":"#0"},"down":{"uv":[3.875,10.5,4.125,10.625],"texture":"#0"}}},{"from":[4,5.25,7],"to":[4.125,5.375,7.5],"faces":{"north":{"uv":[4.125,10.625,4,10.75],"texture":"#0"},"east":{"uv":[4,10.625,4.125,10.75],"texture":"#0"},"south":{"uv":[4,10.625,4.125,10.75],"texture":"#0"},"west":{"uv":[4,10.625,4.125,10.75],"texture":"#0"},"up":{"uv":[4,10.625,4.125,10.75],"texture":"#0"},"down":{"uv":[4,10.625,4.125,10.75],"texture":"#0"}}},{"from":[9.125,1.25,7],"to":[9.375,5.375,7.5],"faces":{"north":{"uv":[9.375,10.625,9.125,14.75],"texture":"#0"},"east":{"uv":[9.25,10.625,9.375,14.75],"texture":"#0"},"south":{"uv":[9.125,10.625,9.375,14.75],"texture":"#0"},"west":{"uv":[9.125,10.625,9.25,14.75],"texture":"#0"},"up":{"uv":[9.125,10.625,9.375,10.75],"texture":"#0"},"down":{"uv":[9.125,14.625,9.375,14.75],"texture":"#0"}}},{"from":[2.75,3.375,7],"to":[2.875,5.25,7.5],"faces":{"north":{"uv":[2.875,10.75,2.75,12.625],"texture":"#0"},"east":{"uv":[2.75,10.75,2.875,12.625],"texture":"#0"},"south":{"uv":[2.75,10.75,2.875,12.625],"texture":"#0"},"west":{"uv":[2.75,10.75,2.875,12.625],"texture":"#0"},"up":{"uv":[2.75,10.75,2.875,10.875],"texture":"#0"},"down":{"uv":[2.75,12.5,2.875,12.625],"texture":"#0"}}},{"from":[4.75,4.375,7],"to":[4.875,4.875,7.5],"faces":{"north":{"uv":[4.875,11.125,4.75,11.625],"texture":"#0"},"east":{"uv":[4.75,11.125,4.875,11.625],"texture":"#0"},"south":{"uv":[4.75,11.125,4.875,11.625],"texture":"#0"},"west":{"uv":[4.75,11.125,4.875,11.625],"texture":"#0"},"up":{"uv":[4.75,11.125,4.875,11.25],"texture":"#0"},"down":{"uv":[4.75,11.5,4.875,11.625],"texture":"#0"}}},{"from":[2.625,4.625,7],"to":[2.75,4.75,7.5],"faces":{"north":{"uv":[2.75,11.25,2.625,11.375],"texture":"#0"},"east":{"uv":[2.625,11.25,2.75,11.375],"texture":"#0"},"south":{"uv":[2.625,11.25,2.75,11.375],"texture":"#0"},"west":{"uv":[2.625,11.25,2.75,11.375],"texture":"#0"},"up":{"uv":[2.625,11.25,2.75,11.375],"texture":"#0"},"down":{"uv":[2.625,11.25,2.75,11.375],"texture":"#0"}}},{"from":[9.375,1.375,7],"to":[9.5,4.75,7.5],"faces":{"north":{"uv":[9.5,11.25,9.375,14.625],"texture":"#0"},"east":{"uv":[9.375,11.25,9.5,14.625],"texture":"#0"},"south":{"uv":[9.375,11.25,9.5,14.625],"texture":"#0"},"west":{"uv":[9.375,11.25,9.5,14.625],"texture":"#0"},"up":{"uv":[9.375,11.25,9.5,11.375],"texture":"#0"},"down":{"uv":[9.375,14.5,9.5,14.625],"texture":"#0"}}},{"from":[11,2.375,7],"to":[11.5,4.75,7.5],"faces":{"north":{"uv":[11.5,11.25,11,13.625],"texture":"#0"},"east":{"uv":[11.375,11.25,11.5,13.625],"texture":"#0"},"south":{"uv":[11,11.25,11.5,13.625],"texture":"#0"},"west":{"uv":[11,11.25,11.125,13.625],"texture":"#0"},"up":{"uv":[11,11.25,11.5,11.375],"texture":"#0"},"down":{"uv":[11,13.5,11.5,13.625],"texture":"#0"}}},{"from":[10.75,2.375,7],"to":[11,4.625,7.5],"faces":{"north":{"uv":[11,11.375,10.75,13.625],"texture":"#0"},"east":{"uv":[10.875,11.375,11,13.625],"texture":"#0"},"south":{"uv":[10.75,11.375,11,13.625],"texture":"#0"},"west":{"uv":[10.75,11.375,10.875,13.625],"texture":"#0"},"up":{"uv":[10.75,11.375,11,11.5],"texture":"#0"},"down":{"uv":[10.75,13.5,11,13.625],"texture":"#0"}}},{"from":[11.5,4.125,7],"to":[11.75,4.625,7.5],"faces":{"north":{"uv":[11.75,11.375,11.5,11.875],"texture":"#0"},"east":{"uv":[11.625,11.375,11.75,11.875],"texture":"#0"},"south":{"uv":[11.5,11.375,11.75,11.875],"texture":"#0"},"west":{"uv":[11.5,11.375,11.625,11.875],"texture":"#0"},"up":{"uv":[11.5,11.375,11.75,11.5],"texture":"#0"},"down":{"uv":[11.5,11.75,11.75,11.875],"texture":"#0"}}},{"from":[10.375,2.25,7],"to":[10.75,4.5,7.5],"faces":{"north":{"uv":[10.75,11.5,10.375,13.75],"texture":"#0"},"east":{"uv":[10.625,11.5,10.75,13.75],"texture":"#0"},"south":{"uv":[10.375,11.5,10.75,13.75],"texture":"#0"},"west":{"uv":[10.375,11.5,10.5,13.75],"texture":"#0"},"up":{"uv":[10.375,11.5,10.75,11.625],"texture":"#0"},"down":{"uv":[10.375,13.625,10.75,13.75],"texture":"#0"}}},{"from":[11.75,4.125,7],"to":[11.875,4.5,7.5],"faces":{"north":{"uv":[11.875,11.5,11.75,11.875],"texture":"#0"},"east":{"uv":[11.75,11.5,11.875,11.875],"texture":"#0"},"south":{"uv":[11.75,11.5,11.875,11.875],"texture":"#0"},"west":{"uv":[11.75,11.5,11.875,11.875],"texture":"#0"},"up":{"uv":[11.75,11.5,11.875,11.625],"texture":"#0"},"down":{"uv":[11.75,11.75,11.875,11.875],"texture":"#0"}}},{"from":[10.125,2,7],"to":[10.375,4.375,7.5],"faces":{"north":{"uv":[10.375,11.625,10.125,14],"texture":"#0"},"east":{"uv":[10.25,11.625,10.375,14],"texture":"#0"},"south":{"uv":[10.125,11.625,10.375,14],"texture":"#0"},"west":{"uv":[10.125,11.625,10.25,14],"texture":"#0"},"up":{"uv":[10.125,11.625,10.375,11.75],"texture":"#0"},"down":{"uv":[10.125,13.875,10.375,14],"texture":"#0"}}},{"from":[9.5,1.75,7],"to":[10.125,4.25,7.5],"faces":{"north":{"uv":[10.125,11.75,9.5,14.25],"texture":"#0"},"east":{"uv":[10,11.75,10.125,14.25],"texture":"#0"},"south":{"uv":[9.5,11.75,10.125,14.25],"texture":"#0"},"west":{"uv":[9.5,11.75,9.625,14.25],"texture":"#0"},"up":{"uv":[9.5,11.75,10.125,11.875],"texture":"#0"},"down":{"uv":[9.5,14.125,10.125,14.25],"texture":"#0"}}},{"from":[11.875,4,7],"to":[12,4.25,7.5],"faces":{"north":{"uv":[12,11.75,11.875,12],"texture":"#0"},"east":{"uv":[11.875,11.75,12,12],"texture":"#0"},"south":{"uv":[11.875,11.75,12,12],"texture":"#0"},"west":{"uv":[11.875,11.75,12,12],"texture":"#0"},"up":{"uv":[11.875,11.75,12,11.875],"texture":"#0"},"down":{"uv":[11.875,11.875,12,12],"texture":"#0"}}},{"from":[11.5,0.625,7],"to":[11.625,4.125,7.5],"faces":{"north":{"uv":[11.625,11.875,11.5,15.375],"texture":"#0"},"east":{"uv":[11.5,11.875,11.625,15.375],"texture":"#0"},"south":{"uv":[11.5,11.875,11.625,15.375],"texture":"#0"},"west":{"uv":[11.5,11.875,11.625,15.375],"texture":"#0"},"up":{"uv":[11.5,11.875,11.625,12],"texture":"#0"},"down":{"uv":[11.5,15.25,11.625,15.375],"texture":"#0"}}},{"from":[4.75,3,7],"to":[4.875,4,7.5],"faces":{"north":{"uv":[4.875,12,4.75,13],"texture":"#0"},"east":{"uv":[4.75,12,4.875,13],"texture":"#0"},"south":{"uv":[4.75,12,4.875,13],"texture":"#0"},"west":{"uv":[4.75,12,4.875,13],"texture":"#0"},"up":{"uv":[4.75,12,4.875,12.125],"texture":"#0"},"down":{"uv":[4.75,12.875,4.875,13],"texture":"#0"}}},{"from":[11.625,0.5,7],"to":[11.75,4,7.5],"faces":{"north":{"uv":[11.75,12,11.625,15.5],"texture":"#0"},"east":{"uv":[11.625,12,11.75,15.5],"texture":"#0"},"south":{"uv":[11.625,12,11.75,15.5],"texture":"#0"},"west":{"uv":[11.625,12,11.75,15.5],"texture":"#0"},"up":{"uv":[11.625,12,11.75,12.125],"texture":"#0"},"down":{"uv":[11.625,15.375,11.75,15.5],"texture":"#0"}}},{"from":[12,0.75,7],"to":[12.125,4,7.5],"faces":{"north":{"uv":[12.125,12,12,15.25],"texture":"#0"},"east":{"uv":[12,12,12.125,15.25],"texture":"#0"},"south":{"uv":[12,12,12.125,15.25],"texture":"#0"},"west":{"uv":[12,12,12.125,15.25],"texture":"#0"},"up":{"uv":[12,12,12.125,12.125],"texture":"#0"},"down":{"uv":[12,15.125,12.125,15.25],"texture":"#0"}}},{"from":[4.375,3,7],"to":[4.75,3.875,7.5],"faces":{"north":{"uv":[4.75,12.125,4.375,13],"texture":"#0"},"east":{"uv":[4.625,12.125,4.75,13],"texture":"#0"},"south":{"uv":[4.375,12.125,4.75,13],"texture":"#0"},"west":{"uv":[4.375,12.125,4.5,13],"texture":"#0"},"up":{"uv":[4.375,12.125,4.75,12.25],"texture":"#0"},"down":{"uv":[4.375,12.875,4.75,13],"texture":"#0"}}},{"from":[4.25,3,7],"to":[4.375,3.625,7.5],"faces":{"north":{"uv":[4.375,12.375,4.25,13],"texture":"#0"},"east":{"uv":[4.25,12.375,4.375,13],"texture":"#0"},"south":{"uv":[4.25,12.375,4.375,13],"texture":"#0"},"west":{"uv":[4.25,12.375,4.375,13],"texture":"#0"},"up":{"uv":[4.25,12.375,4.375,12.5],"texture":"#0"},"down":{"uv":[4.25,12.875,4.375,13],"texture":"#0"}}},{"from":[11.75,0.875,7],"to":[11.875,3.625,7.5],"faces":{"north":{"uv":[11.875,12.375,11.75,15.125],"texture":"#0"},"east":{"uv":[11.75,12.375,11.875,15.125],"texture":"#0"},"south":{"uv":[11.75,12.375,11.875,15.125],"texture":"#0"},"west":{"uv":[11.75,12.375,11.875,15.125],"texture":"#0"},"up":{"uv":[11.75,12.375,11.875,12.5],"texture":"#0"},"down":{"uv":[11.75,15,11.875,15.125],"texture":"#0"}}},{"from":[12.125,0.5,7],"to":[12.25,3.625,7.5],"faces":{"north":{"uv":[12.25,12.375,12.125,15.5],"texture":"#0"},"east":{"uv":[12.125,12.375,12.25,15.5],"texture":"#0"},"south":{"uv":[12.125,12.375,12.25,15.5],"texture":"#0"},"west":{"uv":[12.125,12.375,12.25,15.5],"texture":"#0"},"up":{"uv":[12.125,12.375,12.25,12.5],"texture":"#0"},"down":{"uv":[12.125,15.375,12.25,15.5],"texture":"#0"}}},{"from":[3.625,1.875,7],"to":[3.75,3.5,7.5],"faces":{"north":{"uv":[3.75,12.5,3.625,14.125],"texture":"#0"},"east":{"uv":[3.625,12.5,3.75,14.125],"texture":"#0"},"south":{"uv":[3.625,12.5,3.75,14.125],"texture":"#0"},"west":{"uv":[3.625,12.5,3.75,14.125],"texture":"#0"},"up":{"uv":[3.625,12.5,3.75,12.625],"texture":"#0"},"down":{"uv":[3.625,14,3.75,14.125],"texture":"#0"}}},{"from":[4.125,3,7],"to":[4.25,3.5,7.5],"faces":{"north":{"uv":[4.25,12.5,4.125,13],"texture":"#0"},"east":{"uv":[4.125,12.5,4.25,13],"texture":"#0"},"south":{"uv":[4.125,12.5,4.25,13],"texture":"#0"},"west":{"uv":[4.125,12.5,4.25,13],"texture":"#0"},"up":{"uv":[4.125,12.5,4.25,12.625],"texture":"#0"},"down":{"uv":[4.125,12.875,4.25,13],"texture":"#0"}}},{"from":[11.875,0.5,7],"to":[12,3.5,7.5],"faces":{"north":{"uv":[12,12.5,11.875,15.5],"texture":"#0"},"east":{"uv":[11.875,12.5,12,15.5],"texture":"#0"},"south":{"uv":[11.875,12.5,12,15.5],"texture":"#0"},"west":{"uv":[11.875,12.5,12,15.5],"texture":"#0"},"up":{"uv":[11.875,12.5,12,12.625],"texture":"#0"},"down":{"uv":[11.875,15.375,12,15.5],"texture":"#0"}}},{"from":[4,3.125,7],"to":[4.125,3.375,7.5],"faces":{"north":{"uv":[4.125,12.625,4,12.875],"texture":"#0"},"east":{"uv":[4,12.625,4.125,12.875],"texture":"#0"},"south":{"uv":[4,12.625,4.125,12.875],"texture":"#0"},"west":{"uv":[4,12.625,4.125,12.875],"texture":"#0"},"up":{"uv":[4,12.625,4.125,12.75],"texture":"#0"},"down":{"uv":[4,12.75,4.125,12.875],"texture":"#0"}}},{"from":[3.75,3,7],"to":[4,3.25,7.5],"faces":{"north":{"uv":[4,12.75,3.75,13],"texture":"#0"},"east":{"uv":[3.875,12.75,4,13],"texture":"#0"},"south":{"uv":[3.75,12.75,4,13],"texture":"#0"},"west":{"uv":[3.75,12.75,3.875,13],"texture":"#0"},"up":{"uv":[3.75,12.75,4,12.875],"texture":"#0"},"down":{"uv":[3.75,12.875,4,13],"texture":"#0"}}},{"from":[3.75,1.75,7],"to":[3.875,3,7.5],"faces":{"north":{"uv":[3.875,13,3.75,14.25],"texture":"#0"},"east":{"uv":[3.75,13,3.875,14.25],"texture":"#0"},"south":{"uv":[3.75,13,3.875,14.25],"texture":"#0"},"west":{"uv":[3.75,13,3.875,14.25],"texture":"#0"},"up":{"uv":[3.75,13,3.875,13.125],"texture":"#0"},"down":{"uv":[3.75,14.125,3.875,14.25],"texture":"#0"}}},{"from":[12.25,0.5,7],"to":[12.375,3,7.5],"faces":{"north":{"uv":[12.375,13,12.25,15.5],"texture":"#0"},"east":{"uv":[12.25,13,12.375,15.5],"texture":"#0"},"south":{"uv":[12.25,13,12.375,15.5],"texture":"#0"},"west":{"uv":[12.25,13,12.375,15.5],"texture":"#0"},"up":{"uv":[12.25,13,12.375,13.125],"texture":"#0"},"down":{"uv":[12.25,15.375,12.375,15.5],"texture":"#0"}}},{"from":[5,2.625,7],"to":[5.125,2.875,7.5],"faces":{"north":{"uv":[5.125,13.125,5,13.375],"texture":"#0"},"east":{"uv":[5,13.125,5.125,13.375],"texture":"#0"},"south":{"uv":[5,13.125,5.125,13.375],"texture":"#0"},"west":{"uv":[5,13.125,5.125,13.375],"texture":"#0"},"up":{"uv":[5,13.125,5.125,13.25],"texture":"#0"},"down":{"uv":[5,13.25,5.125,13.375],"texture":"#0"}}},{"from":[3.875,1.75,7],"to":[4,2.75,7.5],"faces":{"north":{"uv":[4,13.25,3.875,14.25],"texture":"#0"},"east":{"uv":[3.875,13.25,4,14.25],"texture":"#0"},"south":{"uv":[3.875,13.25,4,14.25],"texture":"#0"},"west":{"uv":[3.875,13.25,4,14.25],"texture":"#0"},"up":{"uv":[3.875,13.25,4,13.375],"texture":"#0"},"down":{"uv":[3.875,14.125,4,14.25],"texture":"#0"}}},{"from":[4,1.625,7],"to":[4.125,2.625,7.5],"faces":{"north":{"uv":[4.125,13.375,4,14.375],"texture":"#0"},"east":{"uv":[4,13.375,4.125,14.375],"texture":"#0"},"south":{"uv":[4,13.375,4.125,14.375],"texture":"#0"},"west":{"uv":[4,13.375,4.125,14.375],"texture":"#0"},"up":{"uv":[4,13.375,4.125,13.5],"texture":"#0"},"down":{"uv":[4,14.25,4.125,14.375],"texture":"#0"}}},{"from":[12.375,0.5,7],"to":[12.5,2.625,7.5],"faces":{"north":{"uv":[12.5,13.375,12.375,15.5],"texture":"#0"},"east":{"uv":[12.375,13.375,12.5,15.5],"texture":"#0"},"south":{"uv":[12.375,13.375,12.5,15.5],"texture":"#0"},"west":{"uv":[12.375,13.375,12.5,15.5],"texture":"#0"},"up":{"uv":[12.375,13.375,12.5,13.5],"texture":"#0"},"down":{"uv":[12.375,15.375,12.5,15.5],"texture":"#0"}}},{"from":[4.125,1.5,7],"to":[4.25,2.5,7.5],"faces":{"north":{"uv":[4.25,13.5,4.125,14.5],"texture":"#0"},"east":{"uv":[4.125,13.5,4.25,14.5],"texture":"#0"},"south":{"uv":[4.125,13.5,4.25,14.5],"texture":"#0"},"west":{"uv":[4.125,13.5,4.25,14.5],"texture":"#0"},"up":{"uv":[4.125,13.5,4.25,13.625],"texture":"#0"},"down":{"uv":[4.125,14.375,4.25,14.5],"texture":"#0"}}},{"from":[12.5,2.375,7],"to":[12.75,2.5,7.5],"faces":{"north":{"uv":[12.75,13.5,12.5,13.625],"texture":"#0"},"east":{"uv":[12.625,13.5,12.75,13.625],"texture":"#0"},"south":{"uv":[12.5,13.5,12.75,13.625],"texture":"#0"},"west":{"uv":[12.5,13.5,12.625,13.625],"texture":"#0"},"up":{"uv":[12.5,13.5,12.75,13.625],"texture":"#0"},"down":{"uv":[12.5,13.5,12.75,13.625],"texture":"#0"}}},{"from":[4.25,1.375,7],"to":[4.375,2.375,7.5],"faces":{"north":{"uv":[4.375,13.625,4.25,14.625],"texture":"#0"},"east":{"uv":[4.25,13.625,4.375,14.625],"texture":"#0"},"south":{"uv":[4.25,13.625,4.375,14.625],"texture":"#0"},"west":{"uv":[4.25,13.625,4.375,14.625],"texture":"#0"},"up":{"uv":[4.25,13.625,4.375,13.75],"texture":"#0"},"down":{"uv":[4.25,14.5,4.375,14.625],"texture":"#0"}}},{"from":[11.125,2.125,7],"to":[11.5,2.375,7.5],"faces":{"north":{"uv":[11.5,13.625,11.125,13.875],"texture":"#0"},"east":{"uv":[11.375,13.625,11.5,13.875],"texture":"#0"},"south":{"uv":[11.125,13.625,11.5,13.875],"texture":"#0"},"west":{"uv":[11.125,13.625,11.25,13.875],"texture":"#0"},"up":{"uv":[11.125,13.625,11.5,13.75],"texture":"#0"},"down":{"uv":[11.125,13.75,11.5,13.875],"texture":"#0"}}},{"from":[12.75,2.25,7],"to":[13,2.375,7.5],"faces":{"north":{"uv":[13,13.625,12.75,13.75],"texture":"#0"},"east":{"uv":[12.875,13.625,13,13.75],"texture":"#0"},"south":{"uv":[12.75,13.625,13,13.75],"texture":"#0"},"west":{"uv":[12.75,13.625,12.875,13.75],"texture":"#0"},"up":{"uv":[12.75,13.625,13,13.75],"texture":"#0"},"down":{"uv":[12.75,13.625,13,13.75],"texture":"#0"}}},{"from":[3.375,2.125,7],"to":[3.5,2.25,7.5],"faces":{"north":{"uv":[3.5,13.75,3.375,13.875],"texture":"#0"},"east":{"uv":[3.375,13.75,3.5,13.875],"texture":"#0"},"south":{"uv":[3.375,13.75,3.5,13.875],"texture":"#0"},"west":{"uv":[3.375,13.75,3.5,13.875],"texture":"#0"},"up":{"uv":[3.375,13.75,3.5,13.875],"texture":"#0"},"down":{"uv":[3.375,13.75,3.5,13.875],"texture":"#0"}}},{"from":[4.375,1.375,7],"to":[5.125,2.25,7.5],"faces":{"north":{"uv":[5.125,13.75,4.375,14.625],"texture":"#0"},"east":{"uv":[5,13.75,5.125,14.625],"texture":"#0"},"south":{"uv":[4.375,13.75,5.125,14.625],"texture":"#0"},"west":{"uv":[4.375,13.75,4.5,14.625],"texture":"#0"},"up":{"uv":[4.375,13.75,5.125,13.875],"texture":"#0"},"down":{"uv":[4.375,14.5,5.125,14.625],"texture":"#0"}}},{"from":[10.375,2.125,7],"to":[10.5,2.25,7.5],"faces":{"north":{"uv":[10.5,13.75,10.375,13.875],"texture":"#0"},"east":{"uv":[10.375,13.75,10.5,13.875],"texture":"#0"},"south":{"uv":[10.375,13.75,10.5,13.875],"texture":"#0"},"west":{"uv":[10.375,13.75,10.5,13.875],"texture":"#0"},"up":{"uv":[10.375,13.75,10.5,13.875],"texture":"#0"},"down":{"uv":[10.375,13.75,10.5,13.875],"texture":"#0"}}},{"from":[12.875,2.125,7],"to":[13.125,2.25,7.5],"faces":{"north":{"uv":[13.125,13.75,12.875,13.875],"texture":"#0"},"east":{"uv":[13,13.75,13.125,13.875],"texture":"#0"},"south":{"uv":[12.875,13.75,13.125,13.875],"texture":"#0"},"west":{"uv":[12.875,13.75,13,13.875],"texture":"#0"},"up":{"uv":[12.875,13.75,13.125,13.875],"texture":"#0"},"down":{"uv":[12.875,13.75,13.125,13.875],"texture":"#0"}}},{"from":[11.25,1.75,7],"to":[11.5,2.125,7.5],"faces":{"north":{"uv":[11.5,13.875,11.25,14.25],"texture":"#0"},"east":{"uv":[11.375,13.875,11.5,14.25],"texture":"#0"},"south":{"uv":[11.25,13.875,11.5,14.25],"texture":"#0"},"west":{"uv":[11.25,13.875,11.375,14.25],"texture":"#0"},"up":{"uv":[11.25,13.875,11.5,14],"texture":"#0"},"down":{"uv":[11.25,14.125,11.5,14.25],"texture":"#0"}}},{"from":[12.5,0.625,7],"to":[12.625,2.125,7.5],"faces":{"north":{"uv":[12.625,13.875,12.5,15.375],"texture":"#0"},"east":{"uv":[12.5,13.875,12.625,15.375],"texture":"#0"},"south":{"uv":[12.5,13.875,12.625,15.375],"texture":"#0"},"west":{"uv":[12.5,13.875,12.625,15.375],"texture":"#0"},"up":{"uv":[12.5,13.875,12.625,14],"texture":"#0"},"down":{"uv":[12.5,15.25,12.625,15.375],"texture":"#0"}}},{"from":[12.75,2,7],"to":[12.875,2.125,7.5],"faces":{"north":{"uv":[12.875,13.875,12.75,14],"texture":"#0"},"east":{"uv":[12.75,13.875,12.875,14],"texture":"#0"},"south":{"uv":[12.75,13.875,12.875,14],"texture":"#0"},"west":{"uv":[12.75,13.875,12.875,14],"texture":"#0"},"up":{"uv":[12.75,13.875,12.875,14],"texture":"#0"},"down":{"uv":[12.75,13.875,12.875,14],"texture":"#0"}}},{"from":[13.125,2,7],"to":[13.25,2.125,7.5],"faces":{"north":{"uv":[13.25,13.875,13.125,14],"texture":"#0"},"east":{"uv":[13.125,13.875,13.25,14],"texture":"#0"},"south":{"uv":[13.125,13.875,13.25,14],"texture":"#0"},"west":{"uv":[13.125,13.875,13.25,14],"texture":"#0"},"up":{"uv":[13.125,13.875,13.25,14],"texture":"#0"},"down":{"uv":[13.125,13.875,13.25,14],"texture":"#0"}}},{"from":[8.125,0.875,7],"to":[8.25,2,7.5],"faces":{"north":{"uv":[8.25,14,8.125,15.125],"texture":"#0"},"east":{"uv":[8.125,14,8.25,15.125],"texture":"#0"},"south":{"uv":[8.125,14,8.25,15.125],"texture":"#0"},"west":{"uv":[8.125,14,8.25,15.125],"texture":"#0"},"up":{"uv":[8.125,14,8.25,14.125],"texture":"#0"},"down":{"uv":[8.125,15,8.25,15.125],"texture":"#0"}}},{"from":[10.125,1.875,7],"to":[10.25,2,7.5],"faces":{"north":{"uv":[10.25,14,10.125,14.125],"texture":"#0"},"east":{"uv":[10.125,14,10.25,14.125],"texture":"#0"},"south":{"uv":[10.125,14,10.25,14.125],"texture":"#0"},"west":{"uv":[10.125,14,10.25,14.125],"texture":"#0"},"up":{"uv":[10.125,14,10.25,14.125],"texture":"#0"},"down":{"uv":[10.125,14,10.25,14.125],"texture":"#0"}}},{"from":[12.625,0.625,7],"to":[12.75,2,7.5],"faces":{"north":{"uv":[12.75,14,12.625,15.375],"texture":"#0"},"east":{"uv":[12.625,14,12.75,15.375],"texture":"#0"},"south":{"uv":[12.625,14,12.75,15.375],"texture":"#0"},"west":{"uv":[12.625,14,12.75,15.375],"texture":"#0"},"up":{"uv":[12.625,14,12.75,14.125],"texture":"#0"},"down":{"uv":[12.625,15.25,12.75,15.375],"texture":"#0"}}},{"from":[13,1.875,7],"to":[13.125,2,7.5],"faces":{"north":{"uv":[13.125,14,13,14.125],"texture":"#0"},"east":{"uv":[13,14,13.125,14.125],"texture":"#0"},"south":{"uv":[13,14,13.125,14.125],"texture":"#0"},"west":{"uv":[13,14,13.125,14.125],"texture":"#0"},"up":{"uv":[13,14,13.125,14.125],"texture":"#0"},"down":{"uv":[13,14,13.125,14.125],"texture":"#0"}}},{"from":[13.25,1.25,7],"to":[13.375,2,7.5],"faces":{"north":{"uv":[13.375,14,13.25,14.75],"texture":"#0"},"east":{"uv":[13.25,14,13.375,14.75],"texture":"#0"},"south":{"uv":[13.25,14,13.375,14.75],"texture":"#0"},"west":{"uv":[13.25,14,13.375,14.75],"texture":"#0"},"up":{"uv":[13.25,14,13.375,14.125],"texture":"#0"},"down":{"uv":[13.25,14.625,13.375,14.75],"texture":"#0"}}},{"from":[12.75,0.875,7],"to":[13,1.875,7.5],"faces":{"north":{"uv":[13,14.125,12.75,15.125],"texture":"#0"},"east":{"uv":[12.875,14.125,13,15.125],"texture":"#0"},"south":{"uv":[12.75,14.125,13,15.125],"texture":"#0"},"west":{"uv":[12.75,14.125,12.875,15.125],"texture":"#0"},"up":{"uv":[12.75,14.125,13,14.25],"texture":"#0"},"down":{"uv":[12.75,15,13,15.125],"texture":"#0"}}},{"from":[13.125,1.125,7],"to":[13.25,1.875,7.5],"faces":{"north":{"uv":[13.25,14.125,13.125,14.875],"texture":"#0"},"east":{"uv":[13.125,14.125,13.25,14.875],"texture":"#0"},"south":{"uv":[13.125,14.125,13.25,14.875],"texture":"#0"},"west":{"uv":[13.125,14.125,13.25,14.875],"texture":"#0"},"up":{"uv":[13.125,14.125,13.25,14.25],"texture":"#0"},"down":{"uv":[13.125,14.75,13.25,14.875],"texture":"#0"}}},{"from":[9.5,1.5,7],"to":[9.875,1.75,7.5],"faces":{"north":{"uv":[9.875,14.25,9.5,14.5],"texture":"#0"},"east":{"uv":[9.75,14.25,9.875,14.5],"texture":"#0"},"south":{"uv":[9.5,14.25,9.875,14.5],"texture":"#0"},"west":{"uv":[9.5,14.25,9.625,14.5],"texture":"#0"},"up":{"uv":[9.5,14.25,9.875,14.375],"texture":"#0"},"down":{"uv":[9.5,14.375,9.875,14.5],"texture":"#0"}}},{"from":[9.875,1.625,7],"to":[10,1.75,7.5],"faces":{"north":{"uv":[10,14.25,9.875,14.375],"texture":"#0"},"east":{"uv":[9.875,14.25,10,14.375],"texture":"#0"},"south":{"uv":[9.875,14.25,10,14.375],"texture":"#0"},"west":{"uv":[9.875,14.25,10,14.375],"texture":"#0"},"up":{"uv":[9.875,14.25,10,14.375],"texture":"#0"},"down":{"uv":[9.875,14.25,10,14.375],"texture":"#0"}}},{"from":[11.375,0.75,7],"to":[11.5,1.75,7.5],"faces":{"north":{"uv":[11.5,14.25,11.375,15.25],"texture":"#0"},"east":{"uv":[11.375,14.25,11.5,15.25],"texture":"#0"},"south":{"uv":[11.375,14.25,11.5,15.25],"texture":"#0"},"west":{"uv":[11.375,14.25,11.5,15.25],"texture":"#0"},"up":{"uv":[11.375,14.25,11.5,14.375],"texture":"#0"},"down":{"uv":[11.375,15.125,11.5,15.25],"texture":"#0"}}},{"from":[13,0.875,7],"to":[13.125,1.75,7.5],"faces":{"north":{"uv":[13.125,14.25,13,15.125],"texture":"#0"},"east":{"uv":[13,14.25,13.125,15.125],"texture":"#0"},"south":{"uv":[13,14.25,13.125,15.125],"texture":"#0"},"west":{"uv":[13,14.25,13.125,15.125],"texture":"#0"},"up":{"uv":[13,14.25,13.125,14.375],"texture":"#0"},"down":{"uv":[13,15,13.125,15.125],"texture":"#0"}}},{"from":[9.5,1.375,7],"to":[9.625,1.5,7.5],"faces":{"north":{"uv":[9.625,14.5,9.5,14.625],"texture":"#0"},"east":{"uv":[9.5,14.5,9.625,14.625],"texture":"#0"},"south":{"uv":[9.5,14.5,9.625,14.625],"texture":"#0"},"west":{"uv":[9.5,14.5,9.625,14.625],"texture":"#0"},"up":{"uv":[9.5,14.5,9.625,14.625],"texture":"#0"},"down":{"uv":[9.5,14.5,9.625,14.625],"texture":"#0"}}},{"from":[4.5,1.25,7],"to":[5.125,1.375,7.5],"faces":{"north":{"uv":[5.125,14.625,4.5,14.75],"texture":"#0"},"east":{"uv":[5,14.625,5.125,14.75],"texture":"#0"},"south":{"uv":[4.5,14.625,5.125,14.75],"texture":"#0"},"west":{"uv":[4.5,14.625,4.625,14.75],"texture":"#0"},"up":{"uv":[4.5,14.625,5.125,14.75],"texture":"#0"},"down":{"uv":[4.5,14.625,5.125,14.75],"texture":"#0"}}},{"from":[11.25,0.875,7],"to":[11.375,1.375,7.5],"faces":{"north":{"uv":[11.375,14.625,11.25,15.125],"texture":"#0"},"east":{"uv":[11.25,14.625,11.375,15.125],"texture":"#0"},"south":{"uv":[11.25,14.625,11.375,15.125],"texture":"#0"},"west":{"uv":[11.25,14.625,11.375,15.125],"texture":"#0"},"up":{"uv":[11.25,14.625,11.375,14.75],"texture":"#0"},"down":{"uv":[11.25,15,11.375,15.125],"texture":"#0"}}},{"from":[4.875,1.125,7],"to":[5.125,1.25,7.5],"faces":{"north":{"uv":[5.125,14.75,4.875,14.875],"texture":"#0"},"east":{"uv":[5,14.75,5.125,14.875],"texture":"#0"},"south":{"uv":[4.875,14.75,5.125,14.875],"texture":"#0"},"west":{"uv":[4.875,14.75,5,14.875],"texture":"#0"},"up":{"uv":[4.875,14.75,5.125,14.875],"texture":"#0"},"down":{"uv":[4.875,14.75,5.125,14.875],"texture":"#0"}}},{"from":[6.125,1,7],"to":[6.25,1.125,7.5],"faces":{"north":{"uv":[6.25,14.875,6.125,15],"texture":"#0"},"east":{"uv":[6.125,14.875,6.25,15],"texture":"#0"},"south":{"uv":[6.125,14.875,6.25,15],"texture":"#0"},"west":{"uv":[6.125,14.875,6.25,15],"texture":"#0"},"up":{"uv":[6.125,14.875,6.25,15],"texture":"#0"},"down":{"uv":[6.125,14.875,6.25,15],"texture":"#0"}}},{"from":[8.625,1,7],"to":[8.875,1.125,7.5],"faces":{"north":{"uv":[8.875,14.875,8.625,15],"texture":"#0"},"east":{"uv":[8.75,14.875,8.875,15],"texture":"#0"},"south":{"uv":[8.625,14.875,8.875,15],"texture":"#0"},"west":{"uv":[8.625,14.875,8.75,15],"texture":"#0"},"up":{"uv":[8.625,14.875,8.875,15],"texture":"#0"},"down":{"uv":[8.625,14.875,8.875,15],"texture":"#0"}}},{"from":[7.125,0.875,7],"to":[7.25,1,7.5],"faces":{"north":{"uv":[7.25,15,7.125,15.125],"texture":"#0"},"east":{"uv":[7.125,15,7.25,15.125],"texture":"#0"},"south":{"uv":[7.125,15,7.25,15.125],"texture":"#0"},"west":{"uv":[7.125,15,7.25,15.125],"texture":"#0"},"up":{"uv":[7.125,15,7.25,15.125],"texture":"#0"},"down":{"uv":[7.125,15,7.25,15.125],"texture":"#0"}}},{"from":[12.75,0.75,7],"to":[12.875,0.875,7.5],"faces":{"north":{"uv":[12.875,15.125,12.75,15.25],"texture":"#0"},"east":{"uv":[12.75,15.125,12.875,15.25],"texture":"#0"},"south":{"uv":[12.75,15.125,12.875,15.25],"texture":"#0"},"west":{"uv":[12.75,15.125,12.875,15.25],"texture":"#0"},"up":{"uv":[12.75,15.125,12.875,15.25],"texture":"#0"},"down":{"uv":[12.75,15.125,12.875,15.25],"texture":"#0"}}},{"from":[11.75,0.5,7],"to":[11.875,0.75,7.5],"faces":{"north":{"uv":[11.875,15.25,11.75,15.5],"texture":"#0"},"east":{"uv":[11.75,15.25,11.875,15.5],"texture":"#0"},"south":{"uv":[11.75,15.25,11.875,15.5],"texture":"#0"},"west":{"uv":[11.75,15.25,11.875,15.5],"texture":"#0"},"up":{"uv":[11.75,15.25,11.875,15.375],"texture":"#0"},"down":{"uv":[11.75,15.375,11.875,15.5],"texture":"#0"}}},{"from":[12,0.5,7],"to":[12.125,0.625,7.5],"faces":{"north":{"uv":[12.125,15.375,12,15.5],"texture":"#0"},"east":{"uv":[12,15.375,12.125,15.5],"texture":"#0"},"south":{"uv":[12,15.375,12.125,15.5],"texture":"#0"},"west":{"uv":[12,15.375,12.125,15.5],"texture":"#0"},"up":{"uv":[12,15.375,12.125,15.5],"texture":"#0"},"down":{"uv":[12,15.375,12.125,15.5],"texture":"#0"}}}],"display":{"thirdperson_righthand":{"rotation":[0,91,0],"translation":[0.75,0,-0.75],"scale":[0.5,0.5,0.5]},"thirdperson_lefthand":{"rotation":[0,-90,0],"translation":[0,0,-0.75],"scale":[0.5,0.5,0.5]},"firstperson_righthand":{"rotation":[0,94,0],"translation":[4.75,0,0],"scale":[0.5,0.5,0.5]},"firstperson_lefthand":{"rotation":[0,-97,0],"translation":[4.25,0,0],"scale":[0.5,0.5,0.5]},"ground":{"translation":[0,0.5,0],"scale":[0.5,0.5,0.5]},"gui":{"rotation":[-9,-19,0]},"head":{"translation":[0,5,-6.75],"scale":[0.5,0.5,0.5]},"fixed":{"translation":[0,0,0.5]}},"groups":[{"name":"inca-golden-cat","origin":[8,8,8],"color":0,"children":[0,1,2,3,4,5,6,7,8,9,10,11,12,13,14,15,16,17,18,19,20,21,22,23,24,25,26,27,28,29,30,31,32,33,34,35,36,37,38,39,40,41,42,43,44,45,46,47,48,49,50,51,52,53,54,55,56,57,58,59,60,61,62,63,64,65,66,67,68,69,70,71,72,73,74,75,76,77,78,79,80,81,82,83,84,85,86,87,88,89,90,91,92,93,94,95,96,97,98,99,100,101,102,103,104,105,106,107,108,109,110,111,112,113,114,115,116,117,118,119,120,121,122,123,124,125,126,127,128,129,130,131,132,133,134,135,136,137,138,139,140,141,142,143,144,145,146,147,148,149,150,151,152,153,154,155,156,157,158,159,160,161,162,163,164,165,166,167,168,169,170,171,172,173,174,175,176,177,178,179,180,181,182,183,184,185,186,187,188,189,190,191,192,193,194,195,196,197,198,199,200,201,202,203,204,205,206,207,208,209,210,211,212,213,214,215,216,217,218,219,220,221,222]}]}