{"credit":"Made with deema_k","textures":{"1":"block/custom/real-coin","particle":"block/custom/real-coin"},"elements":[{"from":[8,0.25,0],"to":[8.25,16,1.25],"faces":{"north":{"uv":[8.25,0,8,15.75],"texture":"#1"},"east":{"uv":[8,0,8.25,15.75],"texture":"#1"},"south":{"uv":[8,0,8.25,15.75],"texture":"#1"},"west":{"uv":[8,0,8.25,15.75],"texture":"#1"},"up":{"uv":[8,0,8.25,0.25],"texture":"#1"},"down":{"uv":[8,15.5,8.25,15.75],"texture":"#1"}}},{"from":[6,0.25,0],"to":[8,15.75,1.25],"faces":{"north":{"uv":[8,0.25,6,15.75],"texture":"#1"},"east":{"uv":[7.75,0.25,8,15.75],"texture":"#1"},"south":{"uv":[6,0.25,8,15.75],"texture":"#1"},"west":{"uv":[6,0.25,6.25,15.75],"texture":"#1"},"up":{"uv":[6,0.25,8,0.5],"texture":"#1"},"down":{"uv":[6,15.5,8,15.75],"texture":"#1"}}},{"from":[8.25,0.25,0],"to":[10,15.75,1.25],"faces":{"north":{"uv":[10,0.25,8.25,15.75],"texture":"#1"},"east":{"uv":[9.75,0.25,10,15.75],"texture":"#1"},"south":{"uv":[8.25,0.25,10,15.75],"texture":"#1"},"west":{"uv":[8.25,0.25,8.5,15.75],"texture":"#1"},"up":{"uv":[8.25,0.25,10,0.5],"texture":"#1"},"down":{"uv":[8.25,15.5,10,15.75],"texture":"#1"}}},{"from":[5.25,0.5,0],"to":[6,15.5,1.25],"faces":{"north":{"uv":[6,0.5,5.25,15.5],"texture":"#1"},"east":{"uv":[5.75,0.5,6,15.5],"texture":"#1"},"south":{"uv":[5.25,0.5,6,15.5],"texture":"#1"},"west":{"uv":[5.25,0.5,5.5,15.5],"texture":"#1"},"up":{"uv":[5.25,0.5,6,0.75],"texture":"#1"},"down":{"uv":[5.25,15.25,6,15.5],"texture":"#1"}}},{"from":[10,0.5,0],"to":[10.75,15.5,1.25],"faces":{"north":{"uv":[10.75,0.5,10,15.5],"texture":"#1"},"east":{"uv":[10.5,0.5,10.75,15.5],"texture":"#1"},"south":{"uv":[10,0.5,10.75,15.5],"texture":"#1"},"west":{"uv":[10,0.5,10.25,15.5],"texture":"#1"},"up":{"uv":[10,0.5,10.75,0.75],"texture":"#1"},"down":{"uv":[10,15.25,10.75,15.5],"texture":"#1"}}},{"from":[4.75,0.75,0],"to":[5.25,15.25,1.25],"faces":{"north":{"uv":[5.25,0.75,4.75,15.25],"texture":"#1"},"east":{"uv":[5,0.75,5.25,15.25],"texture":"#1"},"south":{"uv":[4.75,0.75,5.25,15.25],"texture":"#1"},"west":{"uv":[4.75,0.75,5,15.25],"texture":"#1"},"up":{"uv":[4.75,0.75,5.25,1],"texture":"#1"},"down":{"uv":[4.75,15,5.25,15.25],"texture":"#1"}}},{"from":[10.75,0.75,0],"to":[11.25,15.25,1.25],"faces":{"north":{"uv":[11.25,0.75,10.75,15.25],"texture":"#1"},"east":{"uv":[11,0.75,11.25,15.25],"texture":"#1"},"south":{"uv":[10.75,0.75,11.25,15.25],"texture":"#1"},"west":{"uv":[10.75,0.75,11,15.25],"texture":"#1"},"up":{"uv":[10.75,0.75,11.25,1],"texture":"#1"},"down":{"uv":[10.75,15,11.25,15.25],"texture":"#1"}}},{"from":[4.25,1,0],"to":[4.75,15,1.25],"faces":{"north":{"uv":[4.75,1,4.25,15],"texture":"#1"},"east":{"uv":[4.5,1,4.75,15],"texture":"#1"},"south":{"uv":[4.25,1,4.75,15],"texture":"#1"},"west":{"uv":[4.25,1,4.5,15],"texture":"#1"},"up":{"uv":[4.25,1,4.75,1.25],"texture":"#1"},"down":{"uv":[4.25,14.75,4.75,15],"texture":"#1"}}},{"from":[11.25,1,0],"to":[11.75,15,1.25],"faces":{"north":{"uv":[11.75,1,11.25,15],"texture":"#1"},"east":{"uv":[11.5,1,11.75,15],"texture":"#1"},"south":{"uv":[11.25,1,11.75,15],"texture":"#1"},"west":{"uv":[11.25,1,11.5,15],"texture":"#1"},"up":{"uv":[11.25,1,11.75,1.25],"texture":"#1"},"down":{"uv":[11.25,14.75,11.75,15],"texture":"#1"}}},{"from":[3.75,1.25,0],"to":[4.25,14.75,1.25],"faces":{"north":{"uv":[4.25,1.25,3.75,14.75],"texture":"#1"},"east":{"uv":[4,1.25,4.25,14.75],"texture":"#1"},"south":{"uv":[3.75,1.25,4.25,14.75],"texture":"#1"},"west":{"uv":[3.75,1.25,4,14.75],"texture":"#1"},"up":{"uv":[3.75,1.25,4.25,1.5],"texture":"#1"},"down":{"uv":[3.75,14.5,4.25,14.75],"texture":"#1"}}},{"from":[11.75,1.25,0],"to":[12.25,14.75,1.25],"faces":{"north":{"uv":[12.25,1.25,11.75,14.75],"texture":"#1"},"east":{"uv":[12,1.25,12.25,14.75],"texture":"#1"},"south":{"uv":[11.75,1.25,12.25,14.75],"texture":"#1"},"west":{"uv":[11.75,1.25,12,14.75],"texture":"#1"},"up":{"uv":[11.75,1.25,12.25,1.5],"texture":"#1"},"down":{"uv":[11.75,14.5,12.25,14.75],"texture":"#1"}}},{"from":[3.5,1.5,0],"to":[3.75,14.5,1.25],"faces":{"north":{"uv":[3.75,1.5,3.5,14.5],"texture":"#1"},"east":{"uv":[3.5,1.5,3.75,14.5],"texture":"#1"},"south":{"uv":[3.5,1.5,3.75,14.5],"texture":"#1"},"west":{"uv":[3.5,1.5,3.75,14.5],"texture":"#1"},"up":{"uv":[3.5,1.5,3.75,1.75],"texture":"#1"},"down":{"uv":[3.5,14.25,3.75,14.5],"texture":"#1"}}},{"from":[12.25,1.5,0],"to":[12.5,14.5,1.25],"faces":{"north":{"uv":[12.5,1.5,12.25,14.5],"texture":"#1"},"east":{"uv":[12.25,1.5,12.5,14.5],"texture":"#1"},"south":{"uv":[12.25,1.5,12.5,14.5],"texture":"#1"},"west":{"uv":[12.25,1.5,12.5,14.5],"texture":"#1"},"up":{"uv":[12.25,1.5,12.5,1.75],"texture":"#1"},"down":{"uv":[12.25,14.25,12.5,14.5],"texture":"#1"}}},{"from":[3,1.75,0],"to":[3.5,14.25,1.25],"faces":{"north":{"uv":[3.5,1.75,3,14.25],"texture":"#1"},"east":{"uv":[3.25,1.75,3.5,14.25],"texture":"#1"},"south":{"uv":[3,1.75,3.5,14.25],"texture":"#1"},"west":{"uv":[3,1.75,3.25,14.25],"texture":"#1"},"up":{"uv":[3,1.75,3.5,2],"texture":"#1"},"down":{"uv":[3,14,3.5,14.25],"texture":"#1"}}},{"from":[12.5,1.75,0],"to":[13,14.25,1.25],"faces":{"north":{"uv":[13,1.75,12.5,14.25],"texture":"#1"},"east":{"uv":[12.75,1.75,13,14.25],"texture":"#1"},"south":{"uv":[12.5,1.75,13,14.25],"texture":"#1"},"west":{"uv":[12.5,1.75,12.75,14.25],"texture":"#1"},"up":{"uv":[12.5,1.75,13,2],"texture":"#1"},"down":{"uv":[12.5,14,13,14.25],"texture":"#1"}}},{"from":[2.75,2,0],"to":[3,14,1.25],"faces":{"north":{"uv":[3,2,2.75,14],"texture":"#1"},"east":{"uv":[2.75,2,3,14],"texture":"#1"},"south":{"uv":[2.75,2,3,14],"texture":"#1"},"west":{"uv":[2.75,2,3,14],"texture":"#1"},"up":{"uv":[2.75,2,3,2.25],"texture":"#1"},"down":{"uv":[2.75,13.75,3,14],"texture":"#1"}}},{"from":[13,2,0],"to":[13.25,14,1.25],"faces":{"north":{"uv":[13.25,2,13,14],"texture":"#1"},"east":{"uv":[13,2,13.25,14],"texture":"#1"},"south":{"uv":[13,2,13.25,14],"texture":"#1"},"west":{"uv":[13,2,13.25,14],"texture":"#1"},"up":{"uv":[13,2,13.25,2.25],"texture":"#1"},"down":{"uv":[13,13.75,13.25,14],"texture":"#1"}}},{"from":[2.5,2.25,0],"to":[2.75,13.75,1.25],"faces":{"north":{"uv":[2.75,2.25,2.5,13.75],"texture":"#1"},"east":{"uv":[2.5,2.25,2.75,13.75],"texture":"#1"},"south":{"uv":[2.5,2.25,2.75,13.75],"texture":"#1"},"west":{"uv":[2.5,2.25,2.75,13.75],"texture":"#1"},"up":{"uv":[2.5,2.25,2.75,2.5],"texture":"#1"},"down":{"uv":[2.5,13.5,2.75,13.75],"texture":"#1"}}},{"from":[13.25,2.25,0],"to":[13.5,13.75,1.25],"faces":{"north":{"uv":[13.5,2.25,13.25,13.75],"texture":"#1"},"east":{"uv":[13.25,2.25,13.5,13.75],"texture":"#1"},"south":{"uv":[13.25,2.25,13.5,13.75],"texture":"#1"},"west":{"uv":[13.25,2.25,13.5,13.75],"texture":"#1"},"up":{"uv":[13.25,2.25,13.5,2.5],"texture":"#1"},"down":{"uv":[13.25,13.5,13.5,13.75],"texture":"#1"}}},{"from":[2.25,2.5,0],"to":[2.5,13.5,1.25],"faces":{"north":{"uv":[2.5,2.5,2.25,13.5],"texture":"#1"},"east":{"uv":[2.25,2.5,2.5,13.5],"texture":"#1"},"south":{"uv":[2.25,2.5,2.5,13.5],"texture":"#1"},"west":{"uv":[2.25,2.5,2.5,13.5],"texture":"#1"},"up":{"uv":[2.25,2.5,2.5,2.75],"texture":"#1"},"down":{"uv":[2.25,13.25,2.5,13.5],"texture":"#1"}}},{"from":[13.5,2.5,0],"to":[13.75,13.5,1.25],"faces":{"north":{"uv":[13.75,2.5,13.5,13.5],"texture":"#1"},"east":{"uv":[13.5,2.5,13.75,13.5],"texture":"#1"},"south":{"uv":[13.5,2.5,13.75,13.5],"texture":"#1"},"west":{"uv":[13.5,2.5,13.75,13.5],"texture":"#1"},"up":{"uv":[13.5,2.5,13.75,2.75],"texture":"#1"},"down":{"uv":[13.5,13.25,13.75,13.5],"texture":"#1"}}},{"from":[2,2.75,0],"to":[2.25,13.25,1.25],"faces":{"north":{"uv":[2.25,2.75,2,13.25],"texture":"#1"},"east":{"uv":[2,2.75,2.25,13.25],"texture":"#1"},"south":{"uv":[2,2.75,2.25,13.25],"texture":"#1"},"west":{"uv":[2,2.75,2.25,13.25],"texture":"#1"},"up":{"uv":[2,2.75,2.25,3],"texture":"#1"},"down":{"uv":[2,13,2.25,13.25],"texture":"#1"}}},{"from":[13.75,2.75,0],"to":[14,13.25,1.25],"faces":{"north":{"uv":[14,2.75,13.75,13.25],"texture":"#1"},"east":{"uv":[13.75,2.75,14,13.25],"texture":"#1"},"south":{"uv":[13.75,2.75,14,13.25],"texture":"#1"},"west":{"uv":[13.75,2.75,14,13.25],"texture":"#1"},"up":{"uv":[13.75,2.75,14,3],"texture":"#1"},"down":{"uv":[13.75,13,14,13.25],"texture":"#1"}}},{"from":[1.75,3,0],"to":[2,13,1.25],"faces":{"north":{"uv":[2,3,1.75,13],"texture":"#1"},"east":{"uv":[1.75,3,2,13],"texture":"#1"},"south":{"uv":[1.75,3,2,13],"texture":"#1"},"west":{"uv":[1.75,3,2,13],"texture":"#1"},"up":{"uv":[1.75,3,2,3.25],"texture":"#1"},"down":{"uv":[1.75,12.75,2,13],"texture":"#1"}}},{"from":[14,3,0],"to":[14.25,13,1.25],"faces":{"north":{"uv":[14.25,3,14,13],"texture":"#1"},"east":{"uv":[14,3,14.25,13],"texture":"#1"},"south":{"uv":[14,3,14.25,13],"texture":"#1"},"west":{"uv":[14,3,14.25,13],"texture":"#1"},"up":{"uv":[14,3,14.25,3.25],"texture":"#1"},"down":{"uv":[14,12.75,14.25,13],"texture":"#1"}}},{"from":[1.5,3.5,0],"to":[1.75,12.5,1.25],"faces":{"north":{"uv":[1.75,3.5,1.5,12.5],"texture":"#1"},"east":{"uv":[1.5,3.5,1.75,12.5],"texture":"#1"},"south":{"uv":[1.5,3.5,1.75,12.5],"texture":"#1"},"west":{"uv":[1.5,3.5,1.75,12.5],"texture":"#1"},"up":{"uv":[1.5,3.5,1.75,3.75],"texture":"#1"},"down":{"uv":[1.5,12.25,1.75,12.5],"texture":"#1"}}},{"from":[14.25,3.5,0],"to":[14.5,12.5,1.25],"faces":{"north":{"uv":[14.5,3.5,14.25,12.5],"texture":"#1"},"east":{"uv":[14.25,3.5,14.5,12.5],"texture":"#1"},"south":{"uv":[14.25,3.5,14.5,12.5],"texture":"#1"},"west":{"uv":[14.25,3.5,14.5,12.5],"texture":"#1"},"up":{"uv":[14.25,3.5,14.5,3.75],"texture":"#1"},"down":{"uv":[14.25,12.25,14.5,12.5],"texture":"#1"}}},{"from":[1.25,3.75,0],"to":[1.5,12.25,1.25],"faces":{"north":{"uv":[1.5,3.75,1.25,12.25],"texture":"#1"},"east":{"uv":[1.25,3.75,1.5,12.25],"texture":"#1"},"south":{"uv":[1.25,3.75,1.5,12.25],"texture":"#1"},"west":{"uv":[1.25,3.75,1.5,12.25],"texture":"#1"},"up":{"uv":[1.25,3.75,1.5,4],"texture":"#1"},"down":{"uv":[1.25,12,1.5,12.25],"texture":"#1"}}},{"from":[14.5,3.75,0],"to":[14.75,12.25,1.25],"faces":{"north":{"uv":[14.75,3.75,14.5,12.25],"texture":"#1"},"east":{"uv":[14.5,3.75,14.75,12.25],"texture":"#1"},"south":{"uv":[14.5,3.75,14.75,12.25],"texture":"#1"},"west":{"uv":[14.5,3.75,14.75,12.25],"texture":"#1"},"up":{"uv":[14.5,3.75,14.75,4],"texture":"#1"},"down":{"uv":[14.5,12,14.75,12.25],"texture":"#1"}}},{"from":[1,4.25,0],"to":[1.25,11.75,1.25],"faces":{"north":{"uv":[1.25,4.25,1,11.75],"texture":"#1"},"east":{"uv":[1,4.25,1.25,11.75],"texture":"#1"},"south":{"uv":[1,4.25,1.25,11.75],"texture":"#1"},"west":{"uv":[1,4.25,1.25,11.75],"texture":"#1"},"up":{"uv":[1,4.25,1.25,4.5],"texture":"#1"},"down":{"uv":[1,11.5,1.25,11.75],"texture":"#1"}}},{"from":[14.75,4.25,0],"to":[15,11.75,1.25],"faces":{"north":{"uv":[15,4.25,14.75,11.75],"texture":"#1"},"east":{"uv":[14.75,4.25,15,11.75],"texture":"#1"},"south":{"uv":[14.75,4.25,15,11.75],"texture":"#1"},"west":{"uv":[14.75,4.25,15,11.75],"texture":"#1"},"up":{"uv":[14.75,4.25,15,4.5],"texture":"#1"},"down":{"uv":[14.75,11.5,15,11.75],"texture":"#1"}}},{"from":[0.75,4.75,0],"to":[1,11.25,1.25],"faces":{"north":{"uv":[1,4.75,0.75,11.25],"texture":"#1"},"east":{"uv":[0.75,4.75,1,11.25],"texture":"#1"},"south":{"uv":[0.75,4.75,1,11.25],"texture":"#1"},"west":{"uv":[0.75,4.75,1,11.25],"texture":"#1"},"up":{"uv":[0.75,4.75,1,5],"texture":"#1"},"down":{"uv":[0.75,11,1,11.25],"texture":"#1"}}},{"from":[15,4.75,0],"to":[15.25,11.25,1.25],"faces":{"north":{"uv":[15.25,4.75,15,11.25],"texture":"#1"},"east":{"uv":[15,4.75,15.25,11.25],"texture":"#1"},"south":{"uv":[15,4.75,15.25,11.25],"texture":"#1"},"west":{"uv":[15,4.75,15.25,11.25],"texture":"#1"},"up":{"uv":[15,4.75,15.25,5],"texture":"#1"},"down":{"uv":[15,11,15.25,11.25],"texture":"#1"}}},{"from":[0.5,5.25,0],"to":[0.75,10.75,1.25],"faces":{"north":{"uv":[0.75,5.25,0.5,10.75],"texture":"#1"},"east":{"uv":[0.5,5.25,0.75,10.75],"texture":"#1"},"south":{"uv":[0.5,5.25,0.75,10.75],"texture":"#1"},"west":{"uv":[0.5,5.25,0.75,10.75],"texture":"#1"},"up":{"uv":[0.5,5.25,0.75,5.5],"texture":"#1"},"down":{"uv":[0.5,10.5,0.75,10.75],"texture":"#1"}}},{"from":[15.25,5.25,0],"to":[15.5,10.75,1.25],"faces":{"north":{"uv":[15.5,5.25,15.25,10.75],"texture":"#1"},"east":{"uv":[15.25,5.25,15.5,10.75],"texture":"#1"},"south":{"uv":[15.25,5.25,15.5,10.75],"texture":"#1"},"west":{"uv":[15.25,5.25,15.5,10.75],"texture":"#1"},"up":{"uv":[15.25,5.25,15.5,5.5],"texture":"#1"},"down":{"uv":[15.25,10.5,15.5,10.75],"texture":"#1"}}},{"from":[0.25,6,0],"to":[0.5,10,1.25],"faces":{"north":{"uv":[0.5,6,0.25,10],"texture":"#1"},"east":{"uv":[0.25,6,0.5,10],"texture":"#1"},"south":{"uv":[0.25,6,0.5,10],"texture":"#1"},"west":{"uv":[0.25,6,0.5,10],"texture":"#1"},"up":{"uv":[0.25,6,0.5,6.25],"texture":"#1"},"down":{"uv":[0.25,9.75,0.5,10],"texture":"#1"}}},{"from":[15.5,6,0],"to":[15.75,10,1.25],"faces":{"north":{"uv":[15.75,6,15.5,10],"texture":"#1"},"east":{"uv":[15.5,6,15.75,10],"texture":"#1"},"south":{"uv":[15.5,6,15.75,10],"texture":"#1"},"west":{"uv":[15.5,6,15.75,10],"texture":"#1"},"up":{"uv":[15.5,6,15.75,6.25],"texture":"#1"},"down":{"uv":[15.5,9.75,15.75,10],"texture":"#1"}}},{"from":[0,8,0],"to":[0.25,8.25,1.25],"faces":{"north":{"uv":[0.25,7.75,0,8],"texture":"#1"},"east":{"uv":[0,7.75,0.25,8],"texture":"#1"},"south":{"uv":[0,7.75,0.25,8],"texture":"#1"},"west":{"uv":[0,7.75,0.25,8],"texture":"#1"},"up":{"uv":[0,7.75,0.25,8],"texture":"#1"},"down":{"uv":[0,7.75,0.25,8],"texture":"#1"}}},{"from":[15.75,7.75,0],"to":[16,8,1.25],"faces":{"north":{"uv":[16,8,15.75,8.25],"texture":"#1"},"east":{"uv":[15.75,8,16,8.25],"texture":"#1"},"south":{"uv":[15.75,8,16,8.25],"texture":"#1"},"west":{"uv":[15.75,8,16,8.25],"texture":"#1"},"up":{"uv":[15.75,8,16,8.25],"texture":"#1"},"down":{"uv":[15.75,8,16,8.25],"texture":"#1"}}},{"from":[7.75,0,0],"to":[8,0.25,1.25],"faces":{"north":{"uv":[8,15.75,7.75,16],"texture":"#1"},"east":{"uv":[7.75,15.75,8,16],"texture":"#1"},"south":{"uv":[7.75,15.75,8,16],"texture":"#1"},"west":{"uv":[7.75,15.75,8,16],"texture":"#1"},"up":{"uv":[7.75,15.75,8,16],"texture":"#1"},"down":{"uv":[7.75,15.75,8,16],"texture":"#1"}}}],"display":{"thirdperson_righthand":{"rotation":[0,-79,-21],"translation":[-7,-1.5,-0.5],"scale":[0.44,0.44,0.97]},"thirdperson_lefthand":{"rotation":[0,-79,-21],"translation":[-7.75,-1.5,0],"scale":[0.44,0.44,0.97]},"firstperson_righthand":{"rotation":[4,-87,-3],"translation":[-6.75,2.25,2.5],"scale":[0.44,0.44,0.97]},"firstperson_lefthand":{"rotation":[4,-78,-3],"translation":[-7,2.25,2.5],"scale":[0.44,0.44,0.97]},"ground":{"rotation":[8,-5,31],"translation":[0,-0.5,-1],"scale":[0.44,0.44,0.48]},"gui":{"rotation":[-24,-16,15],"translation":[-2,3.25,-0.25],"scale":[0.84,0.84,0.98]},"head":{"rotation":[0,-180,0],"translation":[0,4.25,-11.25],"scale":[0.45,0.45,0.63]},"fixed":{"rotation":[0,-177,0],"translation":[0,-0.5,-8]}},"groups":[{"name":"real-coin","origin":[8,8,8],"color":0,"children":[0,1,2,3,4,5,6,7,8,9,10,11,12,13,14,15,16,17,18,19,20,21,22,23,24,25,26,27,28,29,30,31,32,33,34,35,36,37,38,39]}]}