{
  "credit": "Made with Blockbench",
  "textures": {
    "0": "block/custom/staff-cross",
    "1": "block/custom/staff-lord",
    "particle": "block/custom/staff-cross"
  },
  "elements": [
    {
      "from": [
        8,
        0,
        7
      ],
      "to": [
        9,
        19,
        8
      ],
      "faces": {
        "north": {
          "uv": [
            7.40892,
            14.14522,
            8.40892,
            16
          ],
          "texture": "#1"
        },
        "east": {
          "uv": [
            7.40892,
            14.14522,
            8.40892,
            16
          ],
          "texture": "#1"
        },
        "south": {
          "uv": [
            7.40892,
            14.14522,
            8.40892,
            16
          ],
          "texture": "#1"
        },
        "west": {
          "uv": [
            7.40892,
            14.14522,
            8.40892,
            16
          ],
          "texture": "#1"
        },
        "up": {
          "uv": [
            7.40892,
            14.14522,
            8.40892,
            16
          ],
          "texture": "#1"
        },
        "down": {
          "uv": [
            7.40892,
            14.14522,
            8.40892,
            16
          ],
          "texture": "#1"
        }
      }
    },
    {
      "from": [
        8,
        19,
        7
      ],
      "to": [
        9,
        29,
        8
      ],
      "faces": {
        "north": {
          "uv": [
            7.58217,
            3.40382,
            8.38854,
            12.2535
          ],
          "texture": "#1"
        },
        "east": {
          "uv": [
            7.58217,
            3.40382,
            8.38854,
            12.2535
          ],
          "texture": "#1"
        },
        "south": {
          "uv": [
            7.58217,
            3.40382,
            8.38854,
            12.2535
          ],
          "texture": "#1"
        },
        "west": {
          "uv": [
            7.58217,
            3.40382,
            8.38854,
            12.2535
          ],
          "texture": "#1"
        },
        "up": {
          "uv": [
            7.58217,
            3.40382,
            8.38854,
            12.2535
          ],
          "texture": "#1"
        },
        "down": {
          "uv": [
            7.58217,
            3.40382,
            8.38854,
            12.2535
          ],
          "texture": "#1"
        }
      }
    },
    {
      "from": [
        8.52577,
        29,
        7
      ],
      "to": [
        9.52577,
        30,
        8
      ],
      "rotation": {
        "angle": 0,
        "axis": "z",
        "origin": [
          -0.47423,
          -0.7122,
          0
        ]
      },
      "faces": {
        "north": {
          "uv": [
            6.03312,
            2.7414,
            7.45096,
            3.29299
          ],
          "rotation": 90,
          "texture": "#1"
        },
        "east": {
          "uv": [
            6.03312,
            2.7414,
            7.45096,
            3.29299
          ],
          "rotation": 90,
          "texture": "#1"
        },
        "south": {
          "uv": [
            6.03312,
            2.7414,
            7.45096,
            3.29299
          ],
          "rotation": 90,
          "texture": "#1"
        },
        "west": {
          "uv": [
            6.03312,
            2.7414,
            7.45096,
            3.29299
          ],
          "rotation": 90,
          "texture": "#1"
        },
        "up": {
          "uv": [
            6.03312,
            2.7414,
            7.45096,
            3.29299
          ],
          "rotation": 90,
          "texture": "#1"
        },
        "down": {
          "uv": [
            6.03312,
            2.7414,
            7.45096,
            3.29299
          ],
          "rotation": 90,
          "texture": "#1"
        }
      }
    },
    {
      "from": [
        8.3,
        30,
        7.3
      ],
      "to": [
        8.6,
        32,
        7.6
      ],
      "rotation": {
        "angle": 0,
        "axis": "z",
        "origin": [
          -0.47423,
          -0.7122,
          0
        ]
      },
      "faces": {
        "north": {
          "uv": [
            0,
            0,
            1,
            2
          ],
          "texture": "#0"
        },
        "east": {
          "uv": [
            1,
            0,
            2,
            2
          ],
          "texture": "#0"
        },
        "south": {
          "uv": [
            0,
            2,
            1,
            4
          ],
          "texture": "#0"
        },
        "west": {
          "uv": [
            2,
            0,
            3,
            2
          ],
          "texture": "#0"
        },
        "up": {
          "uv": [
            2,
            3,
            1,
            2
          ],
          "texture": "#0"
        },
        "down": {
          "uv": [
            3,
            2,
            2,
            3
          ],
          "texture": "#0"
        }
      }
    },
    {
      "from": [
        7.8,
        31.2,
        7.3
      ],
      "to": [
        9.1,
        31.4,
        7.6
      ],
      "rotation": {
        "angle": 0,
        "axis": "z",
        "origin": [
          -0.47423,
          -0.7122,
          0
        ]
      },
      "faces": {
        "north": {
          "uv": [
            3,
            0,
            4,
            1
          ],
          "texture": "#0"
        },
        "east": {
          "uv": [
            1,
            3,
            2,
            4
          ],
          "texture": "#0"
        },
        "south": {
          "uv": [
            3,
            1,
            4,
            2
          ],
          "texture": "#0"
        },
        "west": {
          "uv": [
            2,
            3,
            3,
            4
          ],
          "texture": "#0"
        },
        "up": {
          "uv": [
            4,
            3,
            3,
            2
          ],
          "texture": "#0"
        },
        "down": {
          "uv": [
            4,
            3,
            3,
            4
          ],
          "texture": "#0"
        }
      }
    },
    {
      "from": [
        7.52577,
        29,
        7
      ],
      "to": [
        8.52577,
        30,
        8
      ],
      "rotation": {
        "angle": 0,
        "axis": "z",
        "origin": [
          -0.47423,
          -0.7122,
          0
        ]
      },
      "faces": {
        "north": {
          "uv": [
            8.78471,
            2.68025,
            10.28408,
            3.35414
          ],
          "rotation": 90,
          "texture": "#1"
        },
        "east": {
          "uv": [
            8.78471,
            2.68025,
            10.28408,
            3.35414
          ],
          "rotation": 90,
          "texture": "#1"
        },
        "south": {
          "uv": [
            8.78471,
            2.68025,
            10.28408,
            3.35414
          ],
          "rotation": 90,
          "texture": "#1"
        },
        "west": {
          "uv": [
            8.78471,
            2.68025,
            10.28408,
            3.35414
          ],
          "rotation": 90,
          "texture": "#1"
        },
        "up": {
          "uv": [
            8.78471,
            2.68025,
            10.28408,
            3.35414
          ],
          "rotation": 90,
          "texture": "#1"
        },
        "down": {
          "uv": [
            8.78471,
            2.68025,
            10.28408,
            3.35414
          ],
          "rotation": 90,
          "texture": "#1"
        }
      }
    },
    {
      "from": [
        -2.79144,
        31,
        7
      ],
      "to": [
        -1.79144,
        32,
        8
      ],
      "rotation": {
        "angle": -22.5,
        "axis": "z",
        "origin": [
          -1.79144,
          0.06472,
          0
        ]
      },
      "faces": {
        "north": {
          "uv": [
            5.18726,
            2.8535,
            6.18726,
            3.45605
          ],
          "rotation": 90,
          "texture": "#1"
        },
        "east": {
          "uv": [
            5.18726,
            2.8535,
            6.18726,
            3.45605
          ],
          "rotation": 90,
          "texture": "#1"
        },
        "south": {
          "uv": [
            5.18726,
            2.8535,
            6.18726,
            3.45605
          ],
          "rotation": 90,
          "texture": "#1"
        },
        "west": {
          "uv": [
            5.18726,
            2.8535,
            6.18726,
            3.45605
          ],
          "rotation": 90,
          "texture": "#1"
        },
        "up": {
          "uv": [
            5.18726,
            2.8535,
            6.18726,
            3.45605
          ],
          "rotation": 90,
          "texture": "#1"
        },
        "down": {
          "uv": [
            5.18726,
            2.8535,
            6.18726,
            3.45605
          ],
          "rotation": 90,
          "texture": "#1"
        }
      }
    },
    {
      "from": [
        17.13169,
        23.55098,
        7
      ],
      "to": [
        18.13169,
        24.55098,
        8
      ],
      "rotation": {
        "angle": 22.5,
        "axis": "z",
        "origin": [
          -0.86831,
          0.6157,
          0
        ]
      },
      "faces": {
        "north": {
          "uv": [
            10.29299,
            2.8535,
            11.29299,
            3.5172
          ],
          "rotation": 90,
          "texture": "#1"
        },
        "east": {
          "uv": [
            10.29299,
            2.8535,
            11.29299,
            3.5172
          ],
          "rotation": 90,
          "texture": "#1"
        },
        "south": {
          "uv": [
            10.29299,
            2.8535,
            11.29299,
            3.5172
          ],
          "rotation": 90,
          "texture": "#1"
        },
        "west": {
          "uv": [
            10.29299,
            2.8535,
            11.29299,
            3.5172
          ],
          "rotation": 90,
          "texture": "#1"
        },
        "up": {
          "uv": [
            10.29299,
            2.8535,
            11.29299,
            3.5172
          ],
          "rotation": 90,
          "texture": "#1"
        },
        "down": {
          "uv": [
            10.29299,
            2.8535,
            11.29299,
            3.5172
          ],
          "rotation": 90,
          "texture": "#1"
        }
      }
    },
    {
      "from": [
        -13.9596,
        29.55874,
        7
      ],
      "to": [
        -11.9596,
        30.55874,
        8
      ],
      "rotation": {
        "angle": -45,
        "axis": "z",
        "origin": [
          -2.9596,
          0.62346,
          0
        ]
      },
      "faces": {
        "north": {
          "uv": [
            3.45478,
            3.2,
            4.29172,
            3.91592
          ],
          "rotation": 90,
          "texture": "#1"
        },
        "east": {
          "uv": [
            3.45478,
            3.2,
            4.29172,
            3.91592
          ],
          "rotation": 90,
          "texture": "#1"
        },
        "south": {
          "uv": [
            3.45478,
            3.2,
            4.29172,
            3.91592
          ],
          "rotation": 90,
          "texture": "#1"
        },
        "west": {
          "uv": [
            3.45478,
            3.2,
            4.29172,
            3.91592
          ],
          "rotation": 90,
          "texture": "#1"
        },
        "up": {
          "uv": [
            3.45478,
            3.2,
            4.29172,
            3.91592
          ],
          "rotation": 90,
          "texture": "#1"
        },
        "down": {
          "uv": [
            3.45478,
            3.2,
            4.29172,
            3.91592
          ],
          "rotation": 90,
          "texture": "#1"
        }
      }
    },
    {
      "from": [
        -14.60946,
        26.4086,
        7
      ],
      "to": [
        -13.60946,
        28.4086,
        8
      ],
      "rotation": {
        "angle": -45,
        "axis": "z",
        "origin": [
          -2.54473,
          3.4086,
          0
        ]
      },
      "faces": {
        "north": {
          "uv": [
            8.83567,
            2.69045,
            10.33503,
            3.29427
          ],
          "texture": "#1"
        },
        "east": {
          "uv": [
            8.83567,
            2.69045,
            10.33503,
            3.29427
          ],
          "texture": "#1"
        },
        "south": {
          "uv": [
            8.83567,
            2.69045,
            10.33503,
            3.29427
          ],
          "texture": "#1"
        },
        "west": {
          "uv": [
            8.83567,
            2.69045,
            10.33503,
            3.29427
          ],
          "texture": "#1"
        },
        "up": {
          "uv": [
            8.83567,
            2.69045,
            10.33503,
            3.29427
          ],
          "texture": "#1"
        },
        "down": {
          "uv": [
            8.83567,
            2.69045,
            10.33503,
            3.29427
          ],
          "texture": "#1"
        }
      }
    },
    {
      "from": [
        7.3,
        18,
        6.3
      ],
      "to": [
        9.8,
        19.5,
        8.8
      ],
      "faces": {
        "north": {
          "uv": [
            7.10318,
            12.5758,
            8.83949,
            13.29172
          ],
          "texture": "#1"
        },
        "east": {
          "uv": [
            7.10318,
            12.5758,
            8.83949,
            13.29172
          ],
          "texture": "#1"
        },
        "south": {
          "uv": [
            7.10318,
            12.5758,
            8.83949,
            13.29172
          ],
          "texture": "#1"
        },
        "west": {
          "uv": [
            7.10318,
            12.5758,
            8.83949,
            13.29172
          ],
          "texture": "#1"
        },
        "up": {
          "uv": [
            7.10318,
            12.5758,
            8.83949,
            13.29172
          ],
          "texture": "#1"
        },
        "down": {
          "uv": [
            7.10318,
            12.5758,
            8.83949,
            13.29172
          ],
          "texture": "#1"
        }
      }
    }
  ],
  "display": {
    "thirdperson_righthand": {
      "translation": [
        -0.5,
        -9.75,
        0.75
      ]
    },
    "thirdperson_lefthand": {
      "translation": [
        0.5,
        -9.5,
        0.75
      ]
    },
    "firstperson_righthand": {
      "translation": [
        0,
        -9,
        1.25
      ]
    },
    "firstperson_lefthand": {
      "translation": [
        0,
        -7.5,
        3
      ]
    },
    "ground": {
      "rotation": [
        0,
        0,
        -35
      ],
      "translation": [
        0,
        0.5,
        0
      ],
      "scale": [
        1,
        0.45,
        0.91
      ]
    },
    "gui": {
      "rotation": [
        -4,
        -19,
        32
      ],
      "translation": [
        1,
        -3.5,
        -1
      ],
      "scale": [
        0.72,
        0.55,
        0.93
      ]
    },
    "head": {
      "translation": [
        0,
        -3.75,
        0
      ]
    },
    "fixed": {
      "rotation": [
        0,
        3,
        -35
      ],
      "translation": [
        -3.75,
        -3.75,
        0.25
      ],
      "scale": [
        1,
        0.66,
        0.93
      ]
    }
  },
  "groups": [
    {
      "name": "staff",
      "origin": [
        0,
        0,
        0
      ],
      "color": 0,
      "children": [
        0,
        1,
        2,
        {
          "name": "cross",
          "origin": [
            -0.47423,
            -0.7122,
            0
          ],
          "color": 0,
          "children": [
            3,
            4
          ]
        },
        5,
        6,
        7,
        8,
        9,
        10
      ]
    }
  ]
}
