{
	"parent": "item/generated",
    "display": {
        "gui": {
            "scale":[ 0.6, 0.6, 0.6 ]
        },
        "ground": {
            "scale":[ 0.25, 0.25, 0.25 ],
            "translation": [ 0, 2, 0]
        },
        "fixed": {
            "scale":[ 0.6, 0.6, 0.6 ]
        },
        "thirdperson_righthand": {
            "translation": [ 0, 2.5, 1.3],
            "scale": [ 0.3, 0.3, 0.3 ]
        },
        "firstperson_righthand": {
            "rotation": [ 90, -90, 110 ],
            "translation": [ 0, 2.5, 1.3],
            "scale": [ 0.45, 0.45, 0.45 ]
        },
        "firstperson_lefthand": {
            "rotation": [ 90, -90, 110 ],
            "translation": [ 0, 2.5, 1.3],
            "scale": [ 0.45, 0.45, 0.45 ]
        }
    },
	"textures": {
		"layer0": "deema_k:item/u_coin"
	}
}
